#
# There is insufficient memory for the Java Runtime Environment to continue.
# Native memory allocation (malloc) failed to allocate 2278864 bytes. Error detail: Chunk::new
# Possible reasons:
#   The system is out of physical RAM or swap space
#   This process is running with CompressedOops enabled, and the Java Heap may be blocking the growth of the native heap
# Possible solutions:
#   Reduce memory load on the system
#   Increase physical memory or swap space
#   Check if swap backing store is full
#   Decrease Java heap size (-Xmx/-Xms)
#   Decrease number of Java threads
#   Decrease Java thread stack sizes (-Xss)
#   Set larger code cache with -XX:ReservedCodeCacheSize=
#   JVM is running with Unscaled Compressed Oops mode in which the Java heap is
#     placed in the first 4GB address space. The Java Heap base address is the
#     maximum limit for the native heap growth. Please use -XX:HeapBaseMinAddress
#     to set the Java Heap base and to place the Java Heap above 4GB virtual address.
# This output file may be truncated or incomplete.
#
#  Out of Memory Error (arena.cpp:168), pid=10724, tid=11316
#
# JRE version: OpenJDK Runtime Environment (21.0.7) (build 21.0.7+-13880790-b1038.58)
# Java VM: OpenJDK 64-Bit Server VM (21.0.7+-13880790-b1038.58, mixed mode, tiered, compressed oops, compressed class ptrs, g1 gc, windows-amd64)
# No core dump will be written. Minidumps are not enabled by default on client versions of Windows
#

---------------  S U M M A R Y ------------

Command Line: --add-opens=java.base/java.lang=ALL-UNNAMED --add-opens=java.base/java.lang.invoke=ALL-UNNAMED --add-opens=java.base/java.util=ALL-UNNAMED --add-opens=java.prefs/java.util.prefs=ALL-UNNAMED --add-exports=jdk.compiler/com.sun.tools.javac.api=ALL-UNNAMED --add-exports=jdk.compiler/com.sun.tools.javac.util=ALL-UNNAMED --add-opens=java.base/java.util=ALL-UNNAMED --add-opens=java.prefs/java.util.prefs=ALL-UNNAMED --add-opens=java.base/java.nio.charset=ALL-UNNAMED --add-opens=java.base/java.net=ALL-UNNAMED --add-opens=java.base/java.util.concurrent.atomic=ALL-UNNAMED --add-opens=java.xml/javax.xml.namespace=ALL-UNNAMED -Xmx2048m -Dfile.encoding=UTF-8 -Duser.country=ES -Duser.language=es -Duser.variant -javaagent:C:\Users\Usuario\.gradle\wrapper\dists\gradle-8.13-bin\5xuhj0ry160q40clulazy9h7d\gradle-8.13\lib\agents\gradle-instrumentation-agent-8.13.jar org.gradle.launcher.daemon.bootstrap.GradleDaemon 8.13

Host: AMD Ryzen 5 4600G with Radeon Graphics, 12 cores, 13G,  Windows 11 , 64 bit Build 26100 (10.0.26100.7623)
Time: Fri Jan 16 13:52:50 2026 Hora estándar romance elapsed time: 19.093604 seconds (0d 0h 0m 19s)

---------------  T H R E A D  ---------------

Current thread (0x000001b20d0a3680):  JavaThread "C2 CompilerThread2" daemon [_thread_in_native, id=11316, stack(0x0000000b87f00000,0x0000000b88000000) (1024K)]


Current CompileTask:
C2:19093 17747 %     4       com.android.tools.r8.internal.m8::b @ 755 (1483 bytes)

Stack: [0x0000000b87f00000,0x0000000b88000000]
Native frames: (J=compiled Java code, j=interpreted, Vv=VM code, C=native code)
V  [jvm.dll+0x6d25c9]
V  [jvm.dll+0x860923]
V  [jvm.dll+0x862e7e]
V  [jvm.dll+0x863563]
V  [jvm.dll+0x27f156]
V  [jvm.dll+0xc002d]
V  [jvm.dll+0xc0563]
V  [jvm.dll+0x3b6d3b]
V  [jvm.dll+0x382c27]
V  [jvm.dll+0x38209a]
V  [jvm.dll+0x247e72]
V  [jvm.dll+0x247441]
V  [jvm.dll+0x1c5fb4]
V  [jvm.dll+0x256bac]
V  [jvm.dll+0x2550f6]
V  [jvm.dll+0x3f1d16]
V  [jvm.dll+0x808d08]
V  [jvm.dll+0x6d0e1d]
C  [ucrtbase.dll+0x37b0]
C  [KERNEL32.DLL+0x2e8d7]
C  [ntdll.dll+0x8c53c]


---------------  P R O C E S S  ---------------

Threads class SMR info:
_java_thread_list=0x000001b20d4cbca0, length=204, elements={
0x000001b26af68b90, 0x000001b20518ee70, 0x000001b205191ca0, 0x000001b205192310,
0x000001b205192f90, 0x000001b205193600, 0x000001b205193c70, 0x000001b2051bfaa0,
0x000001b2051c9460, 0x000001b2051aa990, 0x000001b2054a90f0, 0x000001b20b1ebc90,
0x000001b20a595290, 0x000001b20b220c70, 0x000001b20b2cd030, 0x000001b20b2ca2a0,
0x000001b20b375990, 0x000001b20b376000, 0x000001b20b33a950, 0x000001b20b33afe0,
0x000001b20b33a2c0, 0x000001b20b338f10, 0x000001b20b3395a0, 0x000001b20b337b60,
0x000001b20b339c30, 0x000001b20b338880, 0x000001b20b672e20, 0x000001b20b6741d0,
0x000001b20b674860, 0x000001b20b672100, 0x000001b20b672790, 0x000001b20b6713e0,
0x000001b20b671a70, 0x000001b20b677ce0, 0x000001b20b678a00, 0x000001b20b676930,
0x000001b20b6762a0, 0x000001b20b678370, 0x000001b20b676fc0, 0x000001b20b675580,
0x000001b20b677650, 0x000001b20e8dc5b0, 0x000001b20e8dbf20, 0x000001b20e8dcc40,
0x000001b20e8dd2d0, 0x000001b20e8dd960, 0x000001b20e8ddff0, 0x000001b20e8dab70,
0x000001b20e8de680, 0x000001b20e8db200, 0x000001b20e8ded10, 0x000001b20e8db890,
0x000001b20e8e0de0, 0x000001b20e8e1470, 0x000001b20e8e2190, 0x000001b20d0aeab0,
0x000001b20d0add90, 0x000001b20d0ad070, 0x000001b20d0ac350, 0x000001b20d0ae420,
0x000001b20d0af7d0, 0x000001b20d0af140, 0x000001b20d0afe60, 0x000001b20d0ac9e0,
0x000001b20d0b04f0, 0x000001b20d0b0b80, 0x000001b20d0ad700, 0x000001b20d0b25c0,
0x000001b20d0b1f30, 0x000001b20d0b1210, 0x000001b20d0b18a0, 0x000001b20d0b2c50,
0x000001b20d0b32e0, 0x000001b20d0b3970, 0x000001b20ff86740, 0x000001b20ff85390,
0x000001b20ff86dd0, 0x000001b20ff87460, 0x000001b20ff88180, 0x000001b20ff84d00,
0x000001b20ff88810, 0x000001b20ff88ea0, 0x000001b20ff85a20, 0x000001b20ff89530,
0x000001b20ff860b0, 0x000001b20ff8c320, 0x000001b20ff8a250, 0x000001b21095a160,
0x000001b20bb62350, 0x000001b20bb60910, 0x000001b20bb60fa0, 0x000001b20bb61630,
0x000001b20bb61cc0, 0x000001b20bb5eed0, 0x000001b20bb657d0, 0x000001b20bb63700,
0x000001b20bb64420, 0x000001b20bb63d90, 0x000001b20bb64ab0, 0x000001b210e49950,
0x000001b210e464d0, 0x000001b210e49fe0, 0x000001b210e46b60, 0x000001b210e4a670,
0x000001b210e471f0, 0x000001b210e4c0b0, 0x000001b210e4ad00, 0x000001b210e4b390,
0x000001b210e4cdd0, 0x000001b210e4ba20, 0x000001b210e4c740, 0x000001b210e47880,
0x000001b210e47f10, 0x000001b210e48c30, 0x000001b210e492c0, 0x000001b210e485a0,
0x000001b210e4d460, 0x000001b20bb5fbf0, 0x000001b20bb5e840, 0x000001b20bb629e0,
0x000001b20bb63070, 0x000001b20bb60280, 0x000001b20bb65140, 0x000001b20bb65e60,
0x000001b210956ce0, 0x000001b210957a00, 0x000001b21095b510, 0x000001b21095bba0,
0x000001b216039af0, 0x000001b2160380b0, 0x000001b21603a810, 0x000001b216039460,
0x000001b216038740, 0x000001b20c319510, 0x000001b20c31a8c0, 0x000001b20c31a230,
0x000001b20c31af50, 0x000001b20c31b5e0, 0x000001b20c31bc70, 0x000001b20c31c300,
0x000001b20c318e80, 0x000001b20c31dd40, 0x000001b20c31d6b0, 0x000001b20c31c990,
0x000001b20c31fe10, 0x000001b20c31f0f0, 0x000001b20c31e3d0, 0x000001b20c3204a0,
0x000001b20c31ea60, 0x000001b20c31f780, 0x000001b20c31d020, 0x000001b20c322c00,
0x000001b20c320b30, 0x000001b20c321850, 0x000001b20c323290, 0x000001b20c323920,
0x000001b20c323fb0, 0x000001b20c322570, 0x000001b20c321ee0, 0x000001b20c324640,
0x000001b20c3211c0, 0x000001b20c326710, 0x000001b20c325360, 0x000001b20c326080,
0x000001b20c326da0, 0x000001b20c327ac0, 0x000001b20c3259f0, 0x000001b20c324cd0,
0x000001b20c327430, 0x000001b21603b530, 0x000001b21603aea0, 0x000001b216038dd0,
0x000001b21603e9b0, 0x000001b21603bbc0, 0x000001b21603f6d0, 0x000001b21603dc90,
0x000001b21181ad20, 0x000001b211818c50, 0x000001b21181b3b0, 0x000001b211817f30,
0x000001b20d0a28e0, 0x000001b20d0a3680, 0x000001b21181c0d0, 0x000001b21181c760,
0x000001b2118192e0, 0x000001b21181cdf0, 0x000001b21181a000, 0x000001b211819970,
0x000001b211820900, 0x000001b21181e830, 0x000001b21181f550, 0x000001b21181fbe0,
0x000001b211820270, 0x000001b21181d480, 0x000001b2167f1530, 0x000001b2167ee740,
0x000001b2167eedd0, 0x000001b2167f28e0, 0x000001b2167f1bc0, 0x000001b2167efaf0,
0x000001b2167f2250, 0x000001b2167ef460, 0x000001b2167f3600, 0x000001b2167f2f70
}

Java Threads: ( => current thread )
  0x000001b26af68b90 JavaThread "main"                              [_thread_blocked, id=8128, stack(0x0000000b81500000,0x0000000b81600000) (1024K)]
  0x000001b20518ee70 JavaThread "Common-Cleaner"             daemon [_thread_blocked, id=1448, stack(0x0000000b81d00000,0x0000000b81e00000) (1024K)]
  0x000001b205191ca0 JavaThread "Reference Handler"          daemon [_thread_blocked, id=5204, stack(0x0000000b81e00000,0x0000000b81f00000) (1024K)]
  0x000001b205192310 JavaThread "Finalizer"                  daemon [_thread_blocked, id=1684, stack(0x0000000b81f00000,0x0000000b82000000) (1024K)]
  0x000001b205192f90 JavaThread "Signal Dispatcher"          daemon [_thread_blocked, id=10464, stack(0x0000000b82000000,0x0000000b82100000) (1024K)]
  0x000001b205193600 JavaThread "Attach Listener"            daemon [_thread_blocked, id=2232, stack(0x0000000b82100000,0x0000000b82200000) (1024K)]
  0x000001b205193c70 JavaThread "Service Thread"             daemon [_thread_blocked, id=9060, stack(0x0000000b82200000,0x0000000b82300000) (1024K)]
  0x000001b2051bfaa0 JavaThread "Monitor Deflation Thread"   daemon [_thread_blocked, id=2116, stack(0x0000000b82300000,0x0000000b82400000) (1024K)]
  0x000001b2051c9460 JavaThread "C2 CompilerThread0"         daemon [_thread_in_native, id=6304, stack(0x0000000b82400000,0x0000000b82500000) (1024K)]
  0x000001b2051aa990 JavaThread "C1 CompilerThread0"         daemon [_thread_blocked, id=8940, stack(0x0000000b82500000,0x0000000b82600000) (1024K)]
  0x000001b2054a90f0 JavaThread "Notification Thread"        daemon [_thread_blocked, id=3716, stack(0x0000000b82600000,0x0000000b82700000) (1024K)]
  0x000001b20b1ebc90 JavaThread "Daemon health stats"               [_thread_blocked, id=9456, stack(0x0000000b83100000,0x0000000b83200000) (1024K)]
  0x000001b20a595290 JavaThread "Incoming local TCP Connector on port 50576"        [_thread_in_native, id=5504, stack(0x0000000b83200000,0x0000000b83300000) (1024K)]
  0x000001b20b220c70 JavaThread "Daemon periodic checks"            [_thread_blocked, id=5432, stack(0x0000000b83300000,0x0000000b83400000) (1024K)]
  0x000001b20b2cd030 JavaThread "Daemon"                            [_thread_blocked, id=7884, stack(0x0000000b83400000,0x0000000b83500000) (1024K)]
  0x000001b20b2ca2a0 JavaThread "Handler for socket connection from /127.0.0.1:50576 to /127.0.0.1:50577"        [_thread_in_native, id=12832, stack(0x0000000b83500000,0x0000000b83600000) (1024K)]
  0x000001b20b375990 JavaThread "Cancel handler"                    [_thread_blocked, id=584, stack(0x0000000b83600000,0x0000000b83700000) (1024K)]
  0x000001b20b376000 JavaThread "Daemon worker"                     [_thread_blocked, id=9548, stack(0x0000000b83700000,0x0000000b83800000) (1024K)]
  0x000001b20b33a950 JavaThread "Asynchronous log dispatcher for DefaultDaemonConnection: socket connection from /127.0.0.1:50576 to /127.0.0.1:50577"        [_thread_blocked, id=1600, stack(0x0000000b83800000,0x0000000b83900000) (1024K)]
  0x000001b20b33afe0 JavaThread "Stdin handler"                     [_thread_blocked, id=2240, stack(0x0000000b83900000,0x0000000b83a00000) (1024K)]
  0x000001b20b33a2c0 JavaThread "Daemon client event forwarder"        [_thread_blocked, id=12344, stack(0x0000000b83a00000,0x0000000b83b00000) (1024K)]
  0x000001b20b338f10 JavaThread "Cache worker for journal cache (C:\Users\Usuario\.gradle\caches\journal-1)"        [_thread_blocked, id=5320, stack(0x0000000b83e00000,0x0000000b83f00000) (1024K)]
  0x000001b20b3395a0 JavaThread "File lock request listener"        [_thread_in_native, id=7796, stack(0x0000000b83f00000,0x0000000b84000000) (1024K)]
  0x000001b20b337b60 JavaThread "Cache worker for file hash cache (C:\Users\Usuario\.gradle\caches\8.13\fileHashes)"        [_thread_blocked, id=5992, stack(0x0000000b84000000,0x0000000b84100000) (1024K)]
  0x000001b20b339c30 JavaThread "Cache worker for file hash cache (C:\Users\Usuario\AndroidStudioProjects\RecyclerEntrega\.gradle\8.13\fileHashes)"        [_thread_blocked, id=8956, stack(0x0000000b84100000,0x0000000b84200000) (1024K)]
  0x000001b20b338880 JavaThread "Cache worker for Build Output Cleanup Cache (C:\Users\Usuario\AndroidStudioProjects\RecyclerEntrega\.gradle\buildOutputCleanup)"        [_thread_blocked, id=9084, stack(0x0000000b84200000,0x0000000b84300000) (1024K)]
  0x000001b20b672e20 JavaThread "File watcher server"        daemon [_thread_in_native, id=8248, stack(0x0000000b84300000,0x0000000b84400000) (1024K)]
  0x000001b20b6741d0 JavaThread "File watcher consumer"      daemon [_thread_blocked, id=11356, stack(0x0000000b84400000,0x0000000b84500000) (1024K)]
  0x000001b20b674860 JavaThread "jar transforms"                    [_thread_blocked, id=1640, stack(0x0000000b84500000,0x0000000b84600000) (1024K)]
  0x000001b20b672100 JavaThread "jar transforms Thread 2"           [_thread_blocked, id=8296, stack(0x0000000b84600000,0x0000000b84700000) (1024K)]
  0x000001b20b672790 JavaThread "Cache worker for checksums cache (C:\Users\Usuario\AndroidStudioProjects\RecyclerEntrega\.gradle\8.13\checksums)"        [_thread_blocked, id=7904, stack(0x0000000b84700000,0x0000000b84800000) (1024K)]
  0x000001b20b6713e0 JavaThread "Cache worker for file content cache (C:\Users\Usuario\.gradle\caches\8.13\fileContent)"        [_thread_blocked, id=4412, stack(0x0000000b84800000,0x0000000b84900000) (1024K)]
  0x000001b20b671a70 JavaThread "jar transforms Thread 3"           [_thread_blocked, id=3388, stack(0x0000000b84900000,0x0000000b84a00000) (1024K)]
  0x000001b20b677ce0 JavaThread "Cache worker for cache directory md-supplier (C:\Users\Usuario\.gradle\caches\8.13\md-supplier)"        [_thread_blocked, id=11784, stack(0x0000000b84a00000,0x0000000b84b00000) (1024K)]
  0x000001b20b678a00 JavaThread "Cache worker for cache directory md-rule (C:\Users\Usuario\.gradle\caches\8.13\md-rule)"        [_thread_blocked, id=5516, stack(0x0000000b84b00000,0x0000000b84c00000) (1024K)]
  0x000001b20b676930 JavaThread "Unconstrained build operations"        [_thread_blocked, id=4232, stack(0x0000000b84c00000,0x0000000b84d00000) (1024K)]
  0x000001b20b6762a0 JavaThread "Unconstrained build operations Thread 2"        [_thread_blocked, id=1376, stack(0x0000000b84d00000,0x0000000b84e00000) (1024K)]
  0x000001b20b678370 JavaThread "Unconstrained build operations Thread 3"        [_thread_blocked, id=6216, stack(0x0000000b84e00000,0x0000000b84f00000) (1024K)]
  0x000001b20b676fc0 JavaThread "Unconstrained build operations Thread 4"        [_thread_blocked, id=11060, stack(0x0000000b84f00000,0x0000000b85000000) (1024K)]
  0x000001b20b675580 JavaThread "Unconstrained build operations Thread 5"        [_thread_blocked, id=5428, stack(0x0000000b85000000,0x0000000b85100000) (1024K)]
  0x000001b20b677650 JavaThread "Unconstrained build operations Thread 6"        [_thread_blocked, id=1016, stack(0x0000000b85100000,0x0000000b85200000) (1024K)]
  0x000001b20e8dc5b0 JavaThread "Unconstrained build operations Thread 7"        [_thread_blocked, id=7508, stack(0x0000000b85200000,0x0000000b85300000) (1024K)]
  0x000001b20e8dbf20 JavaThread "Unconstrained build operations Thread 8"        [_thread_blocked, id=9104, stack(0x0000000b85300000,0x0000000b85400000) (1024K)]
  0x000001b20e8dcc40 JavaThread "jar transforms Thread 4"           [_thread_blocked, id=9424, stack(0x0000000b85400000,0x0000000b85500000) (1024K)]
  0x000001b20e8dd2d0 JavaThread "jar transforms Thread 5"           [_thread_blocked, id=12640, stack(0x0000000b85500000,0x0000000b85600000) (1024K)]
  0x000001b20e8dd960 JavaThread "Unconstrained build operations Thread 9"        [_thread_blocked, id=8084, stack(0x0000000b85600000,0x0000000b85700000) (1024K)]
  0x000001b20e8ddff0 JavaThread "Unconstrained build operations Thread 10"        [_thread_blocked, id=9788, stack(0x0000000b85700000,0x0000000b85800000) (1024K)]
  0x000001b20e8dab70 JavaThread "Unconstrained build operations Thread 11"        [_thread_blocked, id=11536, stack(0x0000000b85800000,0x0000000b85900000) (1024K)]
  0x000001b20e8de680 JavaThread "Unconstrained build operations Thread 12"        [_thread_blocked, id=8624, stack(0x0000000b85900000,0x0000000b85a00000) (1024K)]
  0x000001b20e8db200 JavaThread "jar transforms Thread 6"           [_thread_blocked, id=9208, stack(0x0000000b85a00000,0x0000000b85b00000) (1024K)]
  0x000001b20e8ded10 JavaThread "jar transforms Thread 7"           [_thread_blocked, id=12836, stack(0x0000000b85b00000,0x0000000b85c00000) (1024K)]
  0x000001b20e8db890 JavaThread "jar transforms Thread 8"           [_thread_blocked, id=12280, stack(0x0000000b85c00000,0x0000000b85d00000) (1024K)]
  0x000001b20e8e0de0 JavaThread "Unconstrained build operations Thread 13"        [_thread_blocked, id=7104, stack(0x0000000b85d00000,0x0000000b85e00000) (1024K)]
  0x000001b20e8e1470 JavaThread "Unconstrained build operations Thread 14"        [_thread_blocked, id=2508, stack(0x0000000b85e00000,0x0000000b85f00000) (1024K)]
  0x000001b20e8e2190 JavaThread "Unconstrained build operations Thread 15"        [_thread_blocked, id=6984, stack(0x0000000b85f00000,0x0000000b86000000) (1024K)]
  0x000001b20d0aeab0 JavaThread "Unconstrained build operations Thread 16"        [_thread_blocked, id=2732, stack(0x0000000b86000000,0x0000000b86100000) (1024K)]
  0x000001b20d0add90 JavaThread "Unconstrained build operations Thread 17"        [_thread_blocked, id=8332, stack(0x0000000b86100000,0x0000000b86200000) (1024K)]
  0x000001b20d0ad070 JavaThread "Unconstrained build operations Thread 18"        [_thread_blocked, id=7064, stack(0x0000000b86200000,0x0000000b86300000) (1024K)]
  0x000001b20d0ac350 JavaThread "Unconstrained build operations Thread 19"        [_thread_blocked, id=10524, stack(0x0000000b86300000,0x0000000b86400000) (1024K)]
  0x000001b20d0ae420 JavaThread "Unconstrained build operations Thread 20"        [_thread_blocked, id=7848, stack(0x0000000b86400000,0x0000000b86500000) (1024K)]
  0x000001b20d0af7d0 JavaThread "Unconstrained build operations Thread 21"        [_thread_blocked, id=4676, stack(0x0000000b86500000,0x0000000b86600000) (1024K)]
  0x000001b20d0af140 JavaThread "Unconstrained build operations Thread 22"        [_thread_blocked, id=8344, stack(0x0000000b86600000,0x0000000b86700000) (1024K)]
  0x000001b20d0afe60 JavaThread "Unconstrained build operations Thread 23"        [_thread_blocked, id=1848, stack(0x0000000b86700000,0x0000000b86800000) (1024K)]
  0x000001b20d0ac9e0 JavaThread "Unconstrained build operations Thread 24"        [_thread_blocked, id=6608, stack(0x0000000b86800000,0x0000000b86900000) (1024K)]
  0x000001b20d0b04f0 JavaThread "Unconstrained build operations Thread 25"        [_thread_blocked, id=12612, stack(0x0000000b86900000,0x0000000b86a00000) (1024K)]
  0x000001b20d0b0b80 JavaThread "Unconstrained build operations Thread 26"        [_thread_blocked, id=7824, stack(0x0000000b86a00000,0x0000000b86b00000) (1024K)]
  0x000001b20d0ad700 JavaThread "Unconstrained build operations Thread 27"        [_thread_blocked, id=2080, stack(0x0000000b86b00000,0x0000000b86c00000) (1024K)]
  0x000001b20d0b25c0 JavaThread "Unconstrained build operations Thread 28"        [_thread_blocked, id=12480, stack(0x0000000b86c00000,0x0000000b86d00000) (1024K)]
  0x000001b20d0b1f30 JavaThread "Unconstrained build operations Thread 29"        [_thread_blocked, id=4144, stack(0x0000000b86d00000,0x0000000b86e00000) (1024K)]
  0x000001b20d0b1210 JavaThread "Unconstrained build operations Thread 30"        [_thread_blocked, id=3444, stack(0x0000000b86e00000,0x0000000b86f00000) (1024K)]
  0x000001b20d0b18a0 JavaThread "Unconstrained build operations Thread 31"        [_thread_blocked, id=5596, stack(0x0000000b86f00000,0x0000000b87000000) (1024K)]
  0x000001b20d0b2c50 JavaThread "Unconstrained build operations Thread 32"        [_thread_blocked, id=11256, stack(0x0000000b87000000,0x0000000b87100000) (1024K)]
  0x000001b20d0b32e0 JavaThread "Unconstrained build operations Thread 33"        [_thread_blocked, id=5868, stack(0x0000000b87100000,0x0000000b87200000) (1024K)]
  0x000001b20d0b3970 JavaThread "Unconstrained build operations Thread 34"        [_thread_blocked, id=6048, stack(0x0000000b87200000,0x0000000b87300000) (1024K)]
  0x000001b20ff86740 JavaThread "Unconstrained build operations Thread 35"        [_thread_blocked, id=1992, stack(0x0000000b87300000,0x0000000b87400000) (1024K)]
  0x000001b20ff85390 JavaThread "Unconstrained build operations Thread 36"        [_thread_blocked, id=11216, stack(0x0000000b87400000,0x0000000b87500000) (1024K)]
  0x000001b20ff86dd0 JavaThread "Unconstrained build operations Thread 37"        [_thread_blocked, id=8984, stack(0x0000000b87500000,0x0000000b87600000) (1024K)]
  0x000001b20ff87460 JavaThread "Unconstrained build operations Thread 38"        [_thread_blocked, id=11308, stack(0x0000000b87600000,0x0000000b87700000) (1024K)]
  0x000001b20ff88180 JavaThread "Unconstrained build operations Thread 39"        [_thread_blocked, id=3708, stack(0x0000000b87700000,0x0000000b87800000) (1024K)]
  0x000001b20ff84d00 JavaThread "Unconstrained build operations Thread 40"        [_thread_blocked, id=1852, stack(0x0000000b87800000,0x0000000b87900000) (1024K)]
  0x000001b20ff88810 JavaThread "Unconstrained build operations Thread 41"        [_thread_blocked, id=8036, stack(0x0000000b87900000,0x0000000b87a00000) (1024K)]
  0x000001b20ff88ea0 JavaThread "Unconstrained build operations Thread 42"        [_thread_blocked, id=2812, stack(0x0000000b87a00000,0x0000000b87b00000) (1024K)]
  0x000001b20ff85a20 JavaThread "Unconstrained build operations Thread 43"        [_thread_blocked, id=13184, stack(0x0000000b87b00000,0x0000000b87c00000) (1024K)]
  0x000001b20ff89530 JavaThread "Unconstrained build operations Thread 44"        [_thread_blocked, id=9452, stack(0x0000000b87c00000,0x0000000b87d00000) (1024K)]
  0x000001b20ff860b0 JavaThread "Unconstrained build operations Thread 45"        [_thread_blocked, id=6408, stack(0x0000000b87d00000,0x0000000b87e00000) (1024K)]
  0x000001b20ff8c320 JavaThread "build event listener"              [_thread_blocked, id=6628, stack(0x0000000b82800000,0x0000000b82900000) (1024K)]
  0x000001b20ff8a250 JavaThread "Memory manager"                    [_thread_blocked, id=9308, stack(0x0000000b87e00000,0x0000000b87f00000) (1024K)]
  0x000001b21095a160 JavaThread "included builds"                   [_thread_blocked, id=3852, stack(0x0000000b88000000,0x0000000b88100000) (1024K)]
  0x000001b20bb62350 JavaThread "Execution worker"                  [_thread_blocked, id=2836, stack(0x0000000b88100000,0x0000000b88200000) (1024K)]
  0x000001b20bb60910 JavaThread "Execution worker Thread 2"         [_thread_blocked, id=6620, stack(0x0000000b88200000,0x0000000b88300000) (1024K)]
  0x000001b20bb60fa0 JavaThread "Execution worker Thread 3"         [_thread_in_Java, id=10348, stack(0x0000000b88300000,0x0000000b88400000) (1024K)]
  0x000001b20bb61630 JavaThread "Execution worker Thread 4"         [_thread_blocked, id=444, stack(0x0000000b88400000,0x0000000b88500000) (1024K)]
  0x000001b20bb61cc0 JavaThread "Execution worker Thread 5"         [_thread_blocked, id=3812, stack(0x0000000b88500000,0x0000000b88600000) (1024K)]
  0x000001b20bb5eed0 JavaThread "Execution worker Thread 6"         [_thread_blocked, id=1736, stack(0x0000000b88600000,0x0000000b88700000) (1024K)]
  0x000001b20bb657d0 JavaThread "Execution worker Thread 7"         [_thread_blocked, id=2996, stack(0x0000000b88700000,0x0000000b88800000) (1024K)]
  0x000001b20bb63700 JavaThread "Execution worker Thread 8"         [_thread_blocked, id=1740, stack(0x0000000b88800000,0x0000000b88900000) (1024K)]
  0x000001b20bb64420 JavaThread "Execution worker Thread 9"         [_thread_blocked, id=6652, stack(0x0000000b88900000,0x0000000b88a00000) (1024K)]
  0x000001b20bb63d90 JavaThread "Execution worker Thread 10"        [_thread_blocked, id=8424, stack(0x0000000b88a00000,0x0000000b88b00000) (1024K)]
  0x000001b20bb64ab0 JavaThread "Execution worker Thread 11"        [_thread_blocked, id=7984, stack(0x0000000b88b00000,0x0000000b88c00000) (1024K)]
  0x000001b210e49950 JavaThread "Cache worker for execution history cache (C:\Users\Usuario\AndroidStudioProjects\RecyclerEntrega\.gradle\8.13\executionHistory)"        [_thread_blocked, id=11804, stack(0x0000000b88c00000,0x0000000b88d00000) (1024K)]
  0x000001b210e464d0 JavaThread "Unconstrained build operations Thread 46"        [_thread_blocked, id=6636, stack(0x0000000b88d00000,0x0000000b88e00000) (1024K)]
  0x000001b210e49fe0 JavaThread "Unconstrained build operations Thread 47"        [_thread_blocked, id=4384, stack(0x0000000b88e00000,0x0000000b88f00000) (1024K)]
  0x000001b210e46b60 JavaThread "Unconstrained build operations Thread 48"        [_thread_blocked, id=10896, stack(0x0000000b88f00000,0x0000000b89000000) (1024K)]
  0x000001b210e4a670 JavaThread "Unconstrained build operations Thread 49"        [_thread_blocked, id=11164, stack(0x0000000b89000000,0x0000000b89100000) (1024K)]
  0x000001b210e471f0 JavaThread "Unconstrained build operations Thread 50"        [_thread_blocked, id=9884, stack(0x0000000b89100000,0x0000000b89200000) (1024K)]
  0x000001b210e4c0b0 JavaThread "Unconstrained build operations Thread 51"        [_thread_blocked, id=6256, stack(0x0000000b89200000,0x0000000b89300000) (1024K)]
  0x000001b210e4ad00 JavaThread "Unconstrained build operations Thread 52"        [_thread_blocked, id=6632, stack(0x0000000b89300000,0x0000000b89400000) (1024K)]
  0x000001b210e4b390 JavaThread "Unconstrained build operations Thread 53"        [_thread_blocked, id=5456, stack(0x0000000b89400000,0x0000000b89500000) (1024K)]
  0x000001b210e4cdd0 JavaThread "Unconstrained build operations Thread 54"        [_thread_blocked, id=4644, stack(0x0000000b89500000,0x0000000b89600000) (1024K)]
  0x000001b210e4ba20 JavaThread "Unconstrained build operations Thread 55"        [_thread_blocked, id=8108, stack(0x0000000b89600000,0x0000000b89700000) (1024K)]
  0x000001b210e4c740 JavaThread "Unconstrained build operations Thread 56"        [_thread_blocked, id=3160, stack(0x0000000b89700000,0x0000000b89800000) (1024K)]
  0x000001b210e47880 JavaThread "Unconstrained build operations Thread 57"        [_thread_blocked, id=7732, stack(0x0000000b89800000,0x0000000b89900000) (1024K)]
  0x000001b210e47f10 JavaThread "Unconstrained build operations Thread 58"        [_thread_blocked, id=9976, stack(0x0000000b89900000,0x0000000b89a00000) (1024K)]
  0x000001b210e48c30 JavaThread "Unconstrained build operations Thread 59"        [_thread_blocked, id=7248, stack(0x0000000b89a00000,0x0000000b89b00000) (1024K)]
  0x000001b210e492c0 JavaThread "Unconstrained build operations Thread 60"        [_thread_blocked, id=9028, stack(0x0000000b89b00000,0x0000000b89c00000) (1024K)]
  0x000001b210e485a0 JavaThread "Unconstrained build operations Thread 61"        [_thread_blocked, id=9168, stack(0x0000000b89c00000,0x0000000b89d00000) (1024K)]
  0x000001b210e4d460 JavaThread "Unconstrained build operations Thread 62"        [_thread_blocked, id=7120, stack(0x0000000b89d00000,0x0000000b89e00000) (1024K)]
  0x000001b20bb5fbf0 JavaThread "Unconstrained build operations Thread 63"        [_thread_blocked, id=7328, stack(0x0000000b89e00000,0x0000000b89f00000) (1024K)]
  0x000001b20bb5e840 JavaThread "Unconstrained build operations Thread 64"        [_thread_blocked, id=6224, stack(0x0000000b89f00000,0x0000000b8a000000) (1024K)]
  0x000001b20bb629e0 JavaThread "Unconstrained build operations Thread 65"        [_thread_blocked, id=13008, stack(0x0000000b8a000000,0x0000000b8a100000) (1024K)]
  0x000001b20bb63070 JavaThread "Unconstrained build operations Thread 66"        [_thread_blocked, id=11412, stack(0x0000000b8a100000,0x0000000b8a200000) (1024K)]
  0x000001b20bb60280 JavaThread "Unconstrained build operations Thread 67"        [_thread_blocked, id=13040, stack(0x0000000b8a200000,0x0000000b8a300000) (1024K)]
  0x000001b20bb65140 JavaThread "Unconstrained build operations Thread 68"        [_thread_blocked, id=7268, stack(0x0000000b8a300000,0x0000000b8a400000) (1024K)]
  0x000001b20bb65e60 JavaThread "Unconstrained build operations Thread 69"        [_thread_blocked, id=8152, stack(0x0000000b8a400000,0x0000000b8a500000) (1024K)]
  0x000001b210956ce0 JavaThread "Unconstrained build operations Thread 70"        [_thread_blocked, id=1216, stack(0x0000000b8a500000,0x0000000b8a600000) (1024K)]
  0x000001b210957a00 JavaThread "Unconstrained build operations Thread 71"        [_thread_blocked, id=4796, stack(0x0000000b8a600000,0x0000000b8a700000) (1024K)]
  0x000001b21095b510 JavaThread "Unconstrained build operations Thread 72"        [_thread_blocked, id=7464, stack(0x0000000b8a700000,0x0000000b8a800000) (1024K)]
  0x000001b21095bba0 JavaThread "Unconstrained build operations Thread 73"        [_thread_blocked, id=10364, stack(0x0000000b8a800000,0x0000000b8a900000) (1024K)]
  0x000001b216039af0 JavaThread "Unconstrained build operations Thread 74"        [_thread_blocked, id=5540, stack(0x0000000b8a900000,0x0000000b8aa00000) (1024K)]
  0x000001b2160380b0 JavaThread "Unconstrained build operations Thread 75"        [_thread_blocked, id=10144, stack(0x0000000b8aa00000,0x0000000b8ab00000) (1024K)]
  0x000001b21603a810 JavaThread "Unconstrained build operations Thread 76"        [_thread_blocked, id=9532, stack(0x0000000b8ab00000,0x0000000b8ac00000) (1024K)]
  0x000001b216039460 JavaThread "Unconstrained build operations Thread 77"        [_thread_blocked, id=4684, stack(0x0000000b8ac00000,0x0000000b8ad00000) (1024K)]
  0x000001b216038740 JavaThread "Unconstrained build operations Thread 78"        [_thread_blocked, id=4720, stack(0x0000000b8ad00000,0x0000000b8ae00000) (1024K)]
  0x000001b20c319510 JavaThread "Unconstrained build operations Thread 79"        [_thread_blocked, id=760, stack(0x0000000b8ae00000,0x0000000b8af00000) (1024K)]
  0x000001b20c31a8c0 JavaThread "WorkerExecutor Queue"              [_thread_blocked, id=9564, stack(0x0000000b8af00000,0x0000000b8b000000) (1024K)]
  0x000001b20c31a230 JavaThread "Unconstrained build operations Thread 80"        [_thread_blocked, id=9812, stack(0x0000000b8b000000,0x0000000b8b100000) (1024K)]
  0x000001b20c31af50 JavaThread "Unconstrained build operations Thread 81"        [_thread_blocked, id=3300, stack(0x0000000b8b100000,0x0000000b8b200000) (1024K)]
  0x000001b20c31b5e0 JavaThread "Unconstrained build operations Thread 82"        [_thread_blocked, id=4224, stack(0x0000000b8b200000,0x0000000b8b300000) (1024K)]
  0x000001b20c31bc70 JavaThread "Unconstrained build operations Thread 83"        [_thread_blocked, id=9148, stack(0x0000000b8b300000,0x0000000b8b400000) (1024K)]
  0x000001b20c31c300 JavaThread "Unconstrained build operations Thread 84"        [_thread_blocked, id=2396, stack(0x0000000b8b400000,0x0000000b8b500000) (1024K)]
  0x000001b20c318e80 JavaThread "Unconstrained build operations Thread 85"        [_thread_blocked, id=9632, stack(0x0000000b8b500000,0x0000000b8b600000) (1024K)]
  0x000001b20c31dd40 JavaThread "Unconstrained build operations Thread 86"        [_thread_blocked, id=7840, stack(0x0000000b8b600000,0x0000000b8b700000) (1024K)]
  0x000001b20c31d6b0 JavaThread "Unconstrained build operations Thread 87"        [_thread_blocked, id=8948, stack(0x0000000b8b700000,0x0000000b8b800000) (1024K)]
  0x000001b20c31c990 JavaThread "Unconstrained build operations Thread 88"        [_thread_blocked, id=5012, stack(0x0000000b8b800000,0x0000000b8b900000) (1024K)]
  0x000001b20c31fe10 JavaThread "Unconstrained build operations Thread 89"        [_thread_blocked, id=6204, stack(0x0000000b8b900000,0x0000000b8ba00000) (1024K)]
  0x000001b20c31f0f0 JavaThread "Unconstrained build operations Thread 90"        [_thread_blocked, id=3572, stack(0x0000000b8ba00000,0x0000000b8bb00000) (1024K)]
  0x000001b20c31e3d0 JavaThread "Unconstrained build operations Thread 91"        [_thread_blocked, id=6052, stack(0x0000000b8bb00000,0x0000000b8bc00000) (1024K)]
  0x000001b20c3204a0 JavaThread "Unconstrained build operations Thread 92"        [_thread_blocked, id=6248, stack(0x0000000b8bc00000,0x0000000b8bd00000) (1024K)]
  0x000001b20c31ea60 JavaThread "Unconstrained build operations Thread 93"        [_thread_blocked, id=12116, stack(0x0000000b8bd00000,0x0000000b8be00000) (1024K)]
  0x000001b20c31f780 JavaThread "Unconstrained build operations Thread 94"        [_thread_blocked, id=1956, stack(0x0000000b8be00000,0x0000000b8bf00000) (1024K)]
  0x000001b20c31d020 JavaThread "Unconstrained build operations Thread 95"        [_thread_blocked, id=3492, stack(0x0000000b8bf00000,0x0000000b8c000000) (1024K)]
  0x000001b20c322c00 JavaThread "Unconstrained build operations Thread 96"        [_thread_blocked, id=5636, stack(0x0000000b8c000000,0x0000000b8c100000) (1024K)]
  0x000001b20c320b30 JavaThread "Unconstrained build operations Thread 97"        [_thread_blocked, id=11952, stack(0x0000000b8c100000,0x0000000b8c200000) (1024K)]
  0x000001b20c321850 JavaThread "Unconstrained build operations Thread 98"        [_thread_blocked, id=9288, stack(0x0000000b8c200000,0x0000000b8c300000) (1024K)]
  0x000001b20c323290 JavaThread "Unconstrained build operations Thread 99"        [_thread_blocked, id=11584, stack(0x0000000b8c300000,0x0000000b8c400000) (1024K)]
  0x000001b20c323920 JavaThread "Unconstrained build operations Thread 100"        [_thread_blocked, id=1980, stack(0x0000000b8c400000,0x0000000b8c500000) (1024K)]
  0x000001b20c323fb0 JavaThread "Unconstrained build operations Thread 101"        [_thread_blocked, id=13016, stack(0x0000000b8c500000,0x0000000b8c600000) (1024K)]
  0x000001b20c322570 JavaThread "Unconstrained build operations Thread 102"        [_thread_blocked, id=5704, stack(0x0000000b8c600000,0x0000000b8c700000) (1024K)]
  0x000001b20c321ee0 JavaThread "Unconstrained build operations Thread 103"        [_thread_blocked, id=13180, stack(0x0000000b8c700000,0x0000000b8c800000) (1024K)]
  0x000001b20c324640 JavaThread "Unconstrained build operations Thread 104"        [_thread_blocked, id=12580, stack(0x0000000b8c800000,0x0000000b8c900000) (1024K)]
  0x000001b20c3211c0 JavaThread "Unconstrained build operations Thread 105"        [_thread_blocked, id=12036, stack(0x0000000b8c900000,0x0000000b8ca00000) (1024K)]
  0x000001b20c326710 JavaThread "Unconstrained build operations Thread 106"        [_thread_blocked, id=7288, stack(0x0000000b8ca00000,0x0000000b8cb00000) (1024K)]
  0x000001b20c325360 JavaThread "Unconstrained build operations Thread 107"        [_thread_blocked, id=5208, stack(0x0000000b8cb00000,0x0000000b8cc00000) (1024K)]
  0x000001b20c326080 JavaThread "Unconstrained build operations Thread 108"        [_thread_blocked, id=13164, stack(0x0000000b8cc00000,0x0000000b8cd00000) (1024K)]
  0x000001b20c326da0 JavaThread "Unconstrained build operations Thread 109"        [_thread_blocked, id=1636, stack(0x0000000b8cd00000,0x0000000b8ce00000) (1024K)]
  0x000001b20c327ac0 JavaThread "Unconstrained build operations Thread 110"        [_thread_blocked, id=12336, stack(0x0000000b8ce00000,0x0000000b8cf00000) (1024K)]
  0x000001b20c3259f0 JavaThread "Unconstrained build operations Thread 111"        [_thread_blocked, id=5644, stack(0x0000000b8cf00000,0x0000000b8d000000) (1024K)]
  0x000001b20c324cd0 JavaThread "Unconstrained build operations Thread 112"        [_thread_blocked, id=5832, stack(0x0000000b8d000000,0x0000000b8d100000) (1024K)]
  0x000001b20c327430 JavaThread "Unconstrained build operations Thread 113"        [_thread_blocked, id=8160, stack(0x0000000b8d100000,0x0000000b8d200000) (1024K)]
  0x000001b21603b530 JavaThread "Unconstrained build operations Thread 114"        [_thread_blocked, id=9396, stack(0x0000000b8d200000,0x0000000b8d300000) (1024K)]
  0x000001b21603aea0 JavaThread "Unconstrained build operations Thread 115"        [_thread_blocked, id=3668, stack(0x0000000b8d300000,0x0000000b8d400000) (1024K)]
  0x000001b216038dd0 JavaThread "Unconstrained build operations Thread 116"        [_thread_blocked, id=9196, stack(0x0000000b8d400000,0x0000000b8d500000) (1024K)]
  0x000001b21603e9b0 JavaThread "Unconstrained build operations Thread 117"        [_thread_blocked, id=12460, stack(0x0000000b8d500000,0x0000000b8d600000) (1024K)]
  0x000001b21603bbc0 JavaThread "Unconstrained build operations Thread 118"        [_thread_blocked, id=8208, stack(0x0000000b8d600000,0x0000000b8d700000) (1024K)]
  0x000001b21603f6d0 JavaThread "Unconstrained build operations Thread 119"        [_thread_blocked, id=8872, stack(0x0000000b8d700000,0x0000000b8d800000) (1024K)]
  0x000001b21603dc90 JavaThread "Unconstrained build operations Thread 120"        [_thread_blocked, id=1128, stack(0x0000000b8d800000,0x0000000b8d900000) (1024K)]
  0x000001b21181ad20 JavaThread "WorkerExecutor Queue Thread 2"        [_thread_blocked, id=9380, stack(0x0000000b8d900000,0x0000000b8da00000) (1024K)]
  0x000001b211818c50 JavaThread "pool-3-thread-1"                   [_thread_blocked, id=6844, stack(0x0000000b8da00000,0x0000000b8db00000) (1024K)]
  0x000001b21181b3b0 JavaThread "stderr"                            [_thread_in_native, id=7620, stack(0x0000000b8db00000,0x0000000b8dc00000) (1024K)]
  0x000001b211817f30 JavaThread "stdout"                            [_thread_in_native, id=8680, stack(0x0000000b8dc00000,0x0000000b8dd00000) (1024K)]
  0x000001b20d0a28e0 JavaThread "C2 CompilerThread1"         daemon [_thread_in_vm, id=2500, stack(0x0000000b82700000,0x0000000b82800000) (1024K)]
=>0x000001b20d0a3680 JavaThread "C2 CompilerThread2"         daemon [_thread_in_native, id=11316, stack(0x0000000b87f00000,0x0000000b88000000) (1024K)]
  0x000001b21181c0d0 JavaThread "Cache worker for Java compile cache (C:\Users\Usuario\.gradle\caches\8.13\javaCompile)"        [_thread_blocked, id=5536, stack(0x0000000b8dd00000,0x0000000b8de00000) (1024K)]
  0x000001b21181c760 JavaThread "Build operations"                  [_thread_blocked, id=6908, stack(0x0000000b8de00000,0x0000000b8df00000) (1024K)]
  0x000001b2118192e0 JavaThread "Build operations Thread 2"         [_thread_blocked, id=7664, stack(0x0000000b8df00000,0x0000000b8e000000) (1024K)]
  0x000001b21181cdf0 JavaThread "Build operations Thread 3"         [_thread_blocked, id=5492, stack(0x0000000b8e000000,0x0000000b8e100000) (1024K)]
  0x000001b21181a000 JavaThread "Build operations Thread 4"         [_thread_blocked, id=7188, stack(0x0000000b8e100000,0x0000000b8e200000) (1024K)]
  0x000001b211819970 JavaThread "Build operations Thread 5"         [_thread_blocked, id=12816, stack(0x0000000b8e200000,0x0000000b8e300000) (1024K)]
  0x000001b211820900 JavaThread "Build operations Thread 6"         [_thread_blocked, id=12000, stack(0x0000000b8e300000,0x0000000b8e400000) (1024K)]
  0x000001b21181e830 JavaThread "Build operations Thread 7"         [_thread_blocked, id=6928, stack(0x0000000b8e400000,0x0000000b8e500000) (1024K)]
  0x000001b21181f550 JavaThread "Build operations Thread 8"         [_thread_blocked, id=9012, stack(0x0000000b8e500000,0x0000000b8e600000) (1024K)]
  0x000001b21181fbe0 JavaThread "Build operations Thread 9"         [_thread_blocked, id=7992, stack(0x0000000b8e600000,0x0000000b8e700000) (1024K)]
  0x000001b211820270 JavaThread "Build operations Thread 10"        [_thread_blocked, id=8676, stack(0x0000000b8e700000,0x0000000b8e800000) (1024K)]
  0x000001b21181d480 JavaThread "Build operations Thread 11"        [_thread_blocked, id=11100, stack(0x0000000b8e800000,0x0000000b8e900000) (1024K)]
  0x000001b2167f1530 JavaThread "WorkerExecutor Queue Thread 3"        [_thread_blocked, id=4448, stack(0x0000000b8e900000,0x0000000b8ea00000) (1024K)]
  0x000001b2167ee740 JavaThread "WorkerExecutor Queue Thread 4"        [_thread_blocked, id=12356, stack(0x0000000b8ea00000,0x0000000b8eb00000) (1024K)]
  0x000001b2167eedd0 JavaThread "WorkerExecutor Queue Thread 5"        [_thread_blocked, id=11204, stack(0x0000000b8eb00000,0x0000000b8ec00000) (1024K)]
  0x000001b2167f28e0 JavaThread "WorkerExecutor Queue Thread 6"        [_thread_blocked, id=9608, stack(0x0000000b8ec00000,0x0000000b8ed00000) (1024K)]
  0x000001b2167f1bc0 JavaThread "WorkerExecutor Queue Thread 7"        [_thread_blocked, id=7020, stack(0x0000000b8ed00000,0x0000000b8ee00000) (1024K)]
  0x000001b2167efaf0 JavaThread "WorkerExecutor Queue Thread 8"        [_thread_blocked, id=5048, stack(0x0000000b8ee00000,0x0000000b8ef00000) (1024K)]
  0x000001b2167f2250 JavaThread "WorkerExecutor Queue Thread 9"        [_thread_blocked, id=12932, stack(0x0000000b8ef00000,0x0000000b8f000000) (1024K)]
  0x000001b2167ef460 JavaThread "WorkerExecutor Queue Thread 10"        [_thread_blocked, id=5032, stack(0x0000000b8f000000,0x0000000b8f100000) (1024K)]
  0x000001b2167f3600 JavaThread "WorkerExecutor Queue Thread 11"        [_thread_blocked, id=1948, stack(0x0000000b8f100000,0x0000000b8f200000) (1024K)]
  0x000001b2167f2f70 JavaThread "WorkerExecutor Queue Thread 12"        [_thread_blocked, id=2204, stack(0x0000000b8f200000,0x0000000b8f300000) (1024K)]
Total: 204

Other Threads:
  0x000001b26af3eac0 VMThread "VM Thread"                           [id=2036, stack(0x0000000b81c00000,0x0000000b81d00000) (1024K)]
  0x000001b204f75e20 WatcherThread "VM Periodic Task Thread"        [id=12536, stack(0x0000000b81b00000,0x0000000b81c00000) (1024K)]
  0x000001b26af3ee60 WorkerThread "GC Thread#0"                     [id=10904, stack(0x0000000b81600000,0x0000000b81700000) (1024K)]
  0x000001b26af3e380 WorkerThread "GC Thread#1"                     [id=4976, stack(0x0000000b82900000,0x0000000b82a00000) (1024K)]
  0x000001b26af3f5a0 WorkerThread "GC Thread#2"                     [id=10968, stack(0x0000000b82a00000,0x0000000b82b00000) (1024K)]
  0x000001b26af3f200 WorkerThread "GC Thread#3"                     [id=632, stack(0x0000000b82b00000,0x0000000b82c00000) (1024K)]
  0x000001b2059394b0 WorkerThread "GC Thread#4"                     [id=5340, stack(0x0000000b82c00000,0x0000000b82d00000) (1024K)]
  0x000001b205938290 WorkerThread "GC Thread#5"                     [id=11824, stack(0x0000000b82d00000,0x0000000b82e00000) (1024K)]
  0x000001b20593a330 WorkerThread "GC Thread#6"                     [id=10740, stack(0x0000000b82e00000,0x0000000b82f00000) (1024K)]
  0x000001b205937410 WorkerThread "GC Thread#7"                     [id=5436, stack(0x0000000b82f00000,0x0000000b83000000) (1024K)]
  0x000001b205938d70 WorkerThread "GC Thread#8"                     [id=11448, stack(0x0000000b83000000,0x0000000b83100000) (1024K)]
  0x000001b205938630 WorkerThread "GC Thread#9"                     [id=5912, stack(0x0000000b83b00000,0x0000000b83c00000) (1024K)]
  0x000001b26d4a7530 ConcurrentGCThread "G1 Main Marker"            [id=2384, stack(0x0000000b81700000,0x0000000b81800000) (1024K)]
  0x000001b26af3e720 WorkerThread "G1 Conc#0"                       [id=8732, stack(0x0000000b81800000,0x0000000b81900000) (1024K)]
  0x000001b20593aa70 WorkerThread "G1 Conc#1"                       [id=12052, stack(0x0000000b83c00000,0x0000000b83d00000) (1024K)]
  0x000001b205939110 WorkerThread "G1 Conc#2"                       [id=2748, stack(0x0000000b83d00000,0x0000000b83e00000) (1024K)]
  0x000001b204e42ac0 ConcurrentGCThread "G1 Refine#0"               [id=8244, stack(0x0000000b81900000,0x0000000b81a00000) (1024K)]
  0x000001b204e42ef0 ConcurrentGCThread "G1 Service"                [id=13108, stack(0x0000000b81a00000,0x0000000b81b00000) (1024K)]
Total: 18

Threads with active compile tasks:
C1 CompilerThread0  19118 18400       3       org.gradle.api.internal.tasks.properties.AbstractFilePropertySpec::<init> (16 bytes)
C2 CompilerThread2  19118 17747 %     4       com.android.tools.r8.internal.m8::b @ 755 (1483 bytes)
Total: 2

VM state: not at safepoint (normal execution)

VM Mutex/Monitor currently owned by a thread:  ([mutex/lock_event])
[0x00007fffc6f914e8] Compile_lock - owner thread: 0x000001b2051aa990

Heap address: 0x0000000080000000, size: 2048 MB, Compressed Oops mode: 32-bit

CDS archive(s) not mapped
Compressed class space mapped at: 0x0000000100000000-0x0000000140000000, reserved size: 1073741824
Narrow klass base: 0x0000000000000000, Narrow klass shift: 3, Narrow klass range: 0x140000000

GC Precious Log:
 CardTable entry size: 512
 Card Set container configuration: InlinePtr #cards 5 size 8 Array Of Cards #cards 12 size 40 Howl #buckets 4 coarsen threshold 1843 Howl Bitmap #cards 512 size 80 coarsen threshold 460 Card regions per heap region 1 cards per card region 2048
 CPUs: 12 total, 12 available
 Memory: 14229M
 Large Page Support: Disabled
 NUMA Support: Disabled
 Compressed Oops: Enabled (32-bit)
 Heap Region Size: 1M
 Heap Min Capacity: 8M
 Heap Initial Capacity: 224M
 Heap Max Capacity: 2G
 Pre-touch: Disabled
 Parallel Workers: 10
 Concurrent Workers: 3
 Concurrent Refinement Workers: 10
 Periodic GC: Disabled

Heap:
 garbage-first heap   total 245760K, used 202547K [0x0000000080000000, 0x0000000100000000)
  region size 1024K, 57 young (58368K), 3 survivors (3072K)
 Metaspace       used 145513K, committed 147904K, reserved 1179648K
  class space    used 20752K, committed 21952K, reserved 1048576K

Heap Regions: E=young(eden), S=young(survivor), O=old, HS=humongous(starts), HC=humongous(continues), CS=collection set, F=free, TAMS=top-at-mark-start, PB=parsable bottom
|   0|0x0000000080000000, 0x0000000080100000, 0x0000000080100000|100%|HS|  |TAMS 0x0000000080000000| PB 0x0000000080000000| Complete 
|   1|0x0000000080100000, 0x0000000080200000, 0x0000000080200000|100%|HC|  |TAMS 0x0000000080100000| PB 0x0000000080100000| Complete 
|   2|0x0000000080200000, 0x0000000080300000, 0x0000000080300000|100%|HC|  |TAMS 0x0000000080200000| PB 0x0000000080200000| Complete 
|   3|0x0000000080300000, 0x0000000080400000, 0x0000000080400000|100%| O|  |TAMS 0x0000000080300000| PB 0x0000000080300000| Untracked 
|   4|0x0000000080400000, 0x0000000080500000, 0x0000000080500000|100%| O|  |TAMS 0x0000000080400000| PB 0x0000000080400000| Untracked 
|   5|0x0000000080500000, 0x0000000080600000, 0x0000000080600000|100%| O|  |TAMS 0x0000000080500000| PB 0x0000000080500000| Untracked 
|   6|0x0000000080600000, 0x0000000080700000, 0x0000000080700000|100%|HS|  |TAMS 0x0000000080600000| PB 0x0000000080600000| Complete 
|   7|0x0000000080700000, 0x0000000080800000, 0x0000000080800000|100%| O|  |TAMS 0x0000000080700000| PB 0x0000000080700000| Untracked 
|   8|0x0000000080800000, 0x0000000080900000, 0x0000000080900000|100%| O|  |TAMS 0x0000000080800000| PB 0x0000000080800000| Untracked 
|   9|0x0000000080900000, 0x0000000080a00000, 0x0000000080a00000|100%| O|  |TAMS 0x0000000080900000| PB 0x0000000080900000| Untracked 
|  10|0x0000000080a00000, 0x0000000080b00000, 0x0000000080b00000|100%| O|  |TAMS 0x0000000080a00000| PB 0x0000000080a00000| Untracked 
|  11|0x0000000080b00000, 0x0000000080c00000, 0x0000000080c00000|100%| O|  |TAMS 0x0000000080b00000| PB 0x0000000080b00000| Untracked 
|  12|0x0000000080c00000, 0x0000000080d00000, 0x0000000080d00000|100%| O|  |TAMS 0x0000000080c00000| PB 0x0000000080c00000| Untracked 
|  13|0x0000000080d00000, 0x0000000080e00000, 0x0000000080e00000|100%| O|  |TAMS 0x0000000080d00000| PB 0x0000000080d00000| Untracked 
|  14|0x0000000080e00000, 0x0000000080f00000, 0x0000000080f00000|100%| O|  |TAMS 0x0000000080e00000| PB 0x0000000080e00000| Untracked 
|  15|0x0000000080f00000, 0x0000000081000000, 0x0000000081000000|100%| O|  |TAMS 0x0000000080f00000| PB 0x0000000080f00000| Untracked 
|  16|0x0000000081000000, 0x0000000081100000, 0x0000000081100000|100%| O|  |TAMS 0x0000000081000000| PB 0x0000000081000000| Untracked 
|  17|0x0000000081100000, 0x0000000081200000, 0x0000000081200000|100%| O|  |TAMS 0x0000000081100000| PB 0x0000000081100000| Untracked 
|  18|0x0000000081200000, 0x0000000081300000, 0x0000000081300000|100%| O|  |TAMS 0x0000000081200000| PB 0x0000000081200000| Untracked 
|  19|0x0000000081300000, 0x0000000081400000, 0x0000000081400000|100%| O|  |TAMS 0x0000000081300000| PB 0x0000000081300000| Untracked 
|  20|0x0000000081400000, 0x0000000081500000, 0x0000000081500000|100%| O|  |TAMS 0x0000000081400000| PB 0x0000000081400000| Untracked 
|  21|0x0000000081500000, 0x0000000081600000, 0x0000000081600000|100%| O|  |TAMS 0x0000000081500000| PB 0x0000000081500000| Untracked 
|  22|0x0000000081600000, 0x0000000081700000, 0x0000000081700000|100%| O|  |TAMS 0x0000000081600000| PB 0x0000000081600000| Untracked 
|  23|0x0000000081700000, 0x0000000081800000, 0x0000000081800000|100%| O|  |TAMS 0x0000000081700000| PB 0x0000000081700000| Untracked 
|  24|0x0000000081800000, 0x0000000081900000, 0x0000000081900000|100%| O|  |TAMS 0x0000000081800000| PB 0x0000000081800000| Untracked 
|  25|0x0000000081900000, 0x0000000081a00000, 0x0000000081a00000|100%| O|  |TAMS 0x0000000081900000| PB 0x0000000081900000| Untracked 
|  26|0x0000000081a00000, 0x0000000081b00000, 0x0000000081b00000|100%| O|  |TAMS 0x0000000081a00000| PB 0x0000000081a00000| Untracked 
|  27|0x0000000081b00000, 0x0000000081c00000, 0x0000000081c00000|100%| O|  |TAMS 0x0000000081b00000| PB 0x0000000081b00000| Untracked 
|  28|0x0000000081c00000, 0x0000000081d00000, 0x0000000081d00000|100%| O|  |TAMS 0x0000000081c00000| PB 0x0000000081c00000| Untracked 
|  29|0x0000000081d00000, 0x0000000081e00000, 0x0000000081e00000|100%| O|  |TAMS 0x0000000081d00000| PB 0x0000000081d00000| Untracked 
|  30|0x0000000081e00000, 0x0000000081f00000, 0x0000000081f00000|100%| O|  |TAMS 0x0000000081e00000| PB 0x0000000081e00000| Untracked 
|  31|0x0000000081f00000, 0x0000000082000000, 0x0000000082000000|100%| O|  |TAMS 0x0000000081f00000| PB 0x0000000081f00000| Untracked 
|  32|0x0000000082000000, 0x0000000082100000, 0x0000000082100000|100%| O|  |TAMS 0x0000000082000000| PB 0x0000000082000000| Untracked 
|  33|0x0000000082100000, 0x0000000082200000, 0x0000000082200000|100%| O|  |TAMS 0x0000000082100000| PB 0x0000000082100000| Untracked 
|  34|0x0000000082200000, 0x0000000082300000, 0x0000000082300000|100%| O|  |TAMS 0x0000000082200000| PB 0x0000000082200000| Untracked 
|  35|0x0000000082300000, 0x0000000082400000, 0x0000000082400000|100%| O|  |TAMS 0x0000000082300000| PB 0x0000000082300000| Untracked 
|  36|0x0000000082400000, 0x0000000082500000, 0x0000000082500000|100%| O|  |TAMS 0x0000000082400000| PB 0x0000000082400000| Untracked 
|  37|0x0000000082500000, 0x0000000082600000, 0x0000000082600000|100%| O|  |TAMS 0x0000000082500000| PB 0x0000000082500000| Untracked 
|  38|0x0000000082600000, 0x0000000082700000, 0x0000000082700000|100%| O|  |TAMS 0x0000000082600000| PB 0x0000000082600000| Untracked 
|  39|0x0000000082700000, 0x0000000082800000, 0x0000000082800000|100%| O|  |TAMS 0x0000000082700000| PB 0x0000000082700000| Untracked 
|  40|0x0000000082800000, 0x0000000082900000, 0x0000000082900000|100%| O|  |TAMS 0x0000000082800000| PB 0x0000000082800000| Untracked 
|  41|0x0000000082900000, 0x0000000082a00000, 0x0000000082a00000|100%| O|  |TAMS 0x0000000082900000| PB 0x0000000082900000| Untracked 
|  42|0x0000000082a00000, 0x0000000082b00000, 0x0000000082b00000|100%| O|  |TAMS 0x0000000082a00000| PB 0x0000000082a00000| Untracked 
|  43|0x0000000082b00000, 0x0000000082c00000, 0x0000000082c00000|100%| O|  |TAMS 0x0000000082b00000| PB 0x0000000082b00000| Untracked 
|  44|0x0000000082c00000, 0x0000000082d00000, 0x0000000082d00000|100%| O|  |TAMS 0x0000000082c00000| PB 0x0000000082c00000| Untracked 
|  45|0x0000000082d00000, 0x0000000082e00000, 0x0000000082e00000|100%| O|  |TAMS 0x0000000082d00000| PB 0x0000000082d00000| Untracked 
|  46|0x0000000082e00000, 0x0000000082f00000, 0x0000000082f00000|100%| O|  |TAMS 0x0000000082e00000| PB 0x0000000082e00000| Untracked 
|  47|0x0000000082f00000, 0x0000000083000000, 0x0000000083000000|100%| O|  |TAMS 0x0000000082f00000| PB 0x0000000082f00000| Untracked 
|  48|0x0000000083000000, 0x0000000083100000, 0x0000000083100000|100%| O|  |TAMS 0x0000000083000000| PB 0x0000000083000000| Untracked 
|  49|0x0000000083100000, 0x0000000083200000, 0x0000000083200000|100%| O|  |TAMS 0x0000000083100000| PB 0x0000000083100000| Untracked 
|  50|0x0000000083200000, 0x0000000083300000, 0x0000000083300000|100%| O|  |TAMS 0x0000000083200000| PB 0x0000000083200000| Untracked 
|  51|0x0000000083300000, 0x0000000083400000, 0x0000000083400000|100%| O|  |TAMS 0x0000000083300000| PB 0x0000000083300000| Untracked 
|  52|0x0000000083400000, 0x0000000083500000, 0x0000000083500000|100%|HS|  |TAMS 0x0000000083400000| PB 0x0000000083400000| Complete 
|  53|0x0000000083500000, 0x0000000083600000, 0x0000000083600000|100%|HS|  |TAMS 0x0000000083500000| PB 0x0000000083500000| Complete 
|  54|0x0000000083600000, 0x0000000083700000, 0x0000000083700000|100%|HS|  |TAMS 0x0000000083600000| PB 0x0000000083600000| Complete 
|  55|0x0000000083700000, 0x0000000083800000, 0x0000000083800000|100%|HS|  |TAMS 0x0000000083700000| PB 0x0000000083700000| Complete 
|  56|0x0000000083800000, 0x0000000083900000, 0x0000000083900000|100%| O|  |TAMS 0x0000000083800000| PB 0x0000000083800000| Untracked 
|  57|0x0000000083900000, 0x0000000083a00000, 0x0000000083a00000|100%|HS|  |TAMS 0x0000000083900000| PB 0x0000000083900000| Complete 
|  58|0x0000000083a00000, 0x0000000083b00000, 0x0000000083b00000|100%|HS|  |TAMS 0x0000000083a00000| PB 0x0000000083a00000| Complete 
|  59|0x0000000083b00000, 0x0000000083c00000, 0x0000000083c00000|100%| O|  |TAMS 0x0000000083b00000| PB 0x0000000083b00000| Untracked 
|  60|0x0000000083c00000, 0x0000000083d00000, 0x0000000083d00000|100%| O|  |TAMS 0x0000000083c00000| PB 0x0000000083c00000| Untracked 
|  61|0x0000000083d00000, 0x0000000083e00000, 0x0000000083e00000|100%| O|  |TAMS 0x0000000083d00000| PB 0x0000000083d00000| Untracked 
|  62|0x0000000083e00000, 0x0000000083f00000, 0x0000000083f00000|100%| O|  |TAMS 0x0000000083e00000| PB 0x0000000083e00000| Untracked 
|  63|0x0000000083f00000, 0x0000000084000000, 0x0000000084000000|100%| O|  |TAMS 0x0000000083f00000| PB 0x0000000083f00000| Untracked 
|  64|0x0000000084000000, 0x0000000084100000, 0x0000000084100000|100%|HS|  |TAMS 0x0000000084000000| PB 0x0000000084000000| Complete 
|  65|0x0000000084100000, 0x0000000084200000, 0x0000000084200000|100%| O|  |TAMS 0x0000000084100000| PB 0x0000000084100000| Untracked 
|  66|0x0000000084200000, 0x0000000084300000, 0x0000000084300000|100%| O|  |TAMS 0x0000000084200000| PB 0x0000000084200000| Untracked 
|  67|0x0000000084300000, 0x0000000084400000, 0x0000000084400000|100%| O|  |TAMS 0x0000000084300000| PB 0x0000000084300000| Untracked 
|  68|0x0000000084400000, 0x0000000084500000, 0x0000000084500000|100%| O|  |TAMS 0x0000000084400000| PB 0x0000000084400000| Untracked 
|  69|0x0000000084500000, 0x0000000084600000, 0x0000000084600000|100%| O|  |TAMS 0x0000000084500000| PB 0x0000000084500000| Untracked 
|  70|0x0000000084600000, 0x0000000084700000, 0x0000000084700000|100%| O|  |TAMS 0x0000000084600000| PB 0x0000000084600000| Untracked 
|  71|0x0000000084700000, 0x0000000084800000, 0x0000000084800000|100%| O|  |TAMS 0x0000000084700000| PB 0x0000000084700000| Untracked 
|  72|0x0000000084800000, 0x0000000084900000, 0x0000000084900000|100%| O|  |TAMS 0x0000000084800000| PB 0x0000000084800000| Untracked 
|  73|0x0000000084900000, 0x0000000084a00000, 0x0000000084a00000|100%| O|  |TAMS 0x0000000084900000| PB 0x0000000084900000| Untracked 
|  74|0x0000000084a00000, 0x0000000084b00000, 0x0000000084b00000|100%| O|  |TAMS 0x0000000084a00000| PB 0x0000000084a00000| Untracked 
|  75|0x0000000084b00000, 0x0000000084c00000, 0x0000000084c00000|100%| O|  |TAMS 0x0000000084b00000| PB 0x0000000084b00000| Untracked 
|  76|0x0000000084c00000, 0x0000000084d00000, 0x0000000084d00000|100%| O|Cm|TAMS 0x0000000084c00000| PB 0x0000000084c00000| Complete 
|  77|0x0000000084d00000, 0x0000000084e00000, 0x0000000084e00000|100%| O|  |TAMS 0x0000000084d00000| PB 0x0000000084d00000| Untracked 
|  78|0x0000000084e00000, 0x0000000084f00000, 0x0000000084f00000|100%| O|  |TAMS 0x0000000084e00000| PB 0x0000000084e00000| Untracked 
|  79|0x0000000084f00000, 0x0000000085000000, 0x0000000085000000|100%| O|  |TAMS 0x0000000084f00000| PB 0x0000000084f00000| Untracked 
|  80|0x0000000085000000, 0x0000000085100000, 0x0000000085100000|100%| O|  |TAMS 0x0000000085000000| PB 0x0000000085000000| Untracked 
|  81|0x0000000085100000, 0x0000000085200000, 0x0000000085200000|100%| O|  |TAMS 0x0000000085100000| PB 0x0000000085100000| Untracked 
|  82|0x0000000085200000, 0x0000000085300000, 0x0000000085300000|100%| O|  |TAMS 0x0000000085200000| PB 0x0000000085200000| Untracked 
|  83|0x0000000085300000, 0x0000000085400000, 0x0000000085400000|100%| O|  |TAMS 0x0000000085300000| PB 0x0000000085300000| Untracked 
|  84|0x0000000085400000, 0x0000000085500000, 0x0000000085500000|100%| O|  |TAMS 0x0000000085400000| PB 0x0000000085400000| Untracked 
|  85|0x0000000085500000, 0x0000000085600000, 0x0000000085600000|100%| O|  |TAMS 0x0000000085500000| PB 0x0000000085500000| Untracked 
|  86|0x0000000085600000, 0x0000000085700000, 0x0000000085700000|100%| O|  |TAMS 0x0000000085600000| PB 0x0000000085600000| Untracked 
|  87|0x0000000085700000, 0x0000000085800000, 0x0000000085800000|100%| O|  |TAMS 0x0000000085700000| PB 0x0000000085700000| Untracked 
|  88|0x0000000085800000, 0x0000000085900000, 0x0000000085900000|100%| O|  |TAMS 0x0000000085800000| PB 0x0000000085800000| Untracked 
|  89|0x0000000085900000, 0x0000000085a00000, 0x0000000085a00000|100%| O|  |TAMS 0x0000000085900000| PB 0x0000000085900000| Untracked 
|  90|0x0000000085a00000, 0x0000000085b00000, 0x0000000085b00000|100%| O|  |TAMS 0x0000000085a00000| PB 0x0000000085a00000| Untracked 
|  91|0x0000000085b00000, 0x0000000085c00000, 0x0000000085c00000|100%| O|  |TAMS 0x0000000085b00000| PB 0x0000000085b00000| Untracked 
|  92|0x0000000085c00000, 0x0000000085d00000, 0x0000000085d00000|100%| O|  |TAMS 0x0000000085c00000| PB 0x0000000085c00000| Untracked 
|  93|0x0000000085d00000, 0x0000000085e00000, 0x0000000085e00000|100%| O|  |TAMS 0x0000000085d00000| PB 0x0000000085d00000| Untracked 
|  94|0x0000000085e00000, 0x0000000085f00000, 0x0000000085f00000|100%| O|  |TAMS 0x0000000085e00000| PB 0x0000000085e00000| Untracked 
|  95|0x0000000085f00000, 0x0000000086000000, 0x0000000086000000|100%| O|  |TAMS 0x0000000085f00000| PB 0x0000000085f00000| Untracked 
|  96|0x0000000086000000, 0x0000000086100000, 0x0000000086100000|100%| O|Cm|TAMS 0x0000000086000000| PB 0x0000000086000000| Complete 
|  97|0x0000000086100000, 0x0000000086200000, 0x0000000086200000|100%| O|  |TAMS 0x0000000086100000| PB 0x0000000086100000| Untracked 
|  98|0x0000000086200000, 0x0000000086300000, 0x0000000086300000|100%| O|  |TAMS 0x0000000086200000| PB 0x0000000086200000| Untracked 
|  99|0x0000000086300000, 0x0000000086400000, 0x0000000086400000|100%| O|  |TAMS 0x0000000086300000| PB 0x0000000086300000| Untracked 
| 100|0x0000000086400000, 0x0000000086500000, 0x0000000086500000|100%| O|  |TAMS 0x0000000086400000| PB 0x0000000086400000| Untracked 
| 101|0x0000000086500000, 0x0000000086600000, 0x0000000086600000|100%| O|  |TAMS 0x0000000086500000| PB 0x0000000086500000| Untracked 
| 102|0x0000000086600000, 0x0000000086700000, 0x0000000086700000|100%| O|  |TAMS 0x0000000086600000| PB 0x0000000086600000| Untracked 
| 103|0x0000000086700000, 0x0000000086800000, 0x0000000086800000|100%| O|  |TAMS 0x0000000086700000| PB 0x0000000086700000| Untracked 
| 104|0x0000000086800000, 0x0000000086900000, 0x0000000086900000|100%| O|  |TAMS 0x0000000086800000| PB 0x0000000086800000| Untracked 
| 105|0x0000000086900000, 0x0000000086a00000, 0x0000000086a00000|100%|HS|  |TAMS 0x0000000086900000| PB 0x0000000086900000| Complete 
| 106|0x0000000086a00000, 0x0000000086b00000, 0x0000000086b00000|100%|HC|  |TAMS 0x0000000086a00000| PB 0x0000000086a00000| Complete 
| 107|0x0000000086b00000, 0x0000000086c00000, 0x0000000086c00000|100%| O|  |TAMS 0x0000000086b00000| PB 0x0000000086b00000| Untracked 
| 108|0x0000000086c00000, 0x0000000086d00000, 0x0000000086d00000|100%| O|  |TAMS 0x0000000086c00000| PB 0x0000000086c00000| Untracked 
| 109|0x0000000086d00000, 0x0000000086e00000, 0x0000000086e00000|100%| O|  |TAMS 0x0000000086d00000| PB 0x0000000086d00000| Untracked 
| 110|0x0000000086e00000, 0x0000000086f00000, 0x0000000086f00000|100%| O|  |TAMS 0x0000000086e00000| PB 0x0000000086e00000| Untracked 
| 111|0x0000000086f00000, 0x0000000087000000, 0x0000000087000000|100%| O|  |TAMS 0x0000000086f00000| PB 0x0000000086f00000| Untracked 
| 112|0x0000000087000000, 0x0000000087100000, 0x0000000087100000|100%| O|  |TAMS 0x0000000087000000| PB 0x0000000087000000| Untracked 
| 113|0x0000000087100000, 0x0000000087200000, 0x0000000087200000|100%| O|  |TAMS 0x0000000087100000| PB 0x0000000087100000| Untracked 
| 114|0x0000000087200000, 0x0000000087300000, 0x0000000087300000|100%| O|  |TAMS 0x0000000087200000| PB 0x0000000087200000| Untracked 
| 115|0x0000000087300000, 0x0000000087400000, 0x0000000087400000|100%| O|  |TAMS 0x0000000087300000| PB 0x0000000087300000| Untracked 
| 116|0x0000000087400000, 0x0000000087500000, 0x0000000087500000|100%| O|Cm|TAMS 0x0000000087400000| PB 0x0000000087400000| Complete 
| 117|0x0000000087500000, 0x0000000087600000, 0x0000000087600000|100%| O|  |TAMS 0x0000000087500000| PB 0x0000000087500000| Untracked 
| 118|0x0000000087600000, 0x0000000087700000, 0x0000000087700000|100%| O|  |TAMS 0x0000000087600000| PB 0x0000000087600000| Untracked 
| 119|0x0000000087700000, 0x0000000087800000, 0x0000000087800000|100%| O|  |TAMS 0x0000000087700000| PB 0x0000000087700000| Untracked 
| 120|0x0000000087800000, 0x0000000087900000, 0x0000000087900000|100%| O|  |TAMS 0x0000000087800000| PB 0x0000000087800000| Untracked 
| 121|0x0000000087900000, 0x0000000087a00000, 0x0000000087a00000|100%| O|  |TAMS 0x0000000087900000| PB 0x0000000087900000| Untracked 
| 122|0x0000000087a00000, 0x0000000087b00000, 0x0000000087b00000|100%| O|  |TAMS 0x0000000087a00000| PB 0x0000000087a00000| Untracked 
| 123|0x0000000087b00000, 0x0000000087c00000, 0x0000000087c00000|100%| O|  |TAMS 0x0000000087b00000| PB 0x0000000087b00000| Untracked 
| 124|0x0000000087c00000, 0x0000000087d00000, 0x0000000087d00000|100%| O|  |TAMS 0x0000000087c00000| PB 0x0000000087c00000| Untracked 
| 125|0x0000000087d00000, 0x0000000087e00000, 0x0000000087e00000|100%| O|  |TAMS 0x0000000087d00000| PB 0x0000000087d00000| Untracked 
| 126|0x0000000087e00000, 0x0000000087f00000, 0x0000000087f00000|100%| O|Cm|TAMS 0x0000000087e00000| PB 0x0000000087e00000| Complete 
| 127|0x0000000087f00000, 0x0000000088000000, 0x0000000088000000|100%| O|  |TAMS 0x0000000087f00000| PB 0x0000000087f00000| Untracked 
| 128|0x0000000088000000, 0x0000000088100000, 0x0000000088100000|100%| O|  |TAMS 0x0000000088000000| PB 0x0000000088000000| Untracked 
| 129|0x0000000088100000, 0x0000000088200000, 0x0000000088200000|100%| O|  |TAMS 0x0000000088100000| PB 0x0000000088100000| Untracked 
| 130|0x0000000088200000, 0x0000000088300000, 0x0000000088300000|100%| O|  |TAMS 0x0000000088200000| PB 0x0000000088200000| Untracked 
| 131|0x0000000088300000, 0x0000000088400000, 0x0000000088400000|100%| O|  |TAMS 0x0000000088300000| PB 0x0000000088300000| Untracked 
| 132|0x0000000088400000, 0x0000000088500000, 0x0000000088500000|100%| O|  |TAMS 0x0000000088400000| PB 0x0000000088400000| Untracked 
| 133|0x0000000088500000, 0x0000000088600000, 0x0000000088600000|100%| O|  |TAMS 0x0000000088500000| PB 0x0000000088500000| Untracked 
| 134|0x0000000088600000, 0x0000000088700000, 0x0000000088700000|100%| O|  |TAMS 0x0000000088600000| PB 0x0000000088600000| Untracked 
| 135|0x0000000088700000, 0x0000000088800000, 0x0000000088800000|100%| O|Cm|TAMS 0x0000000088700000| PB 0x0000000088700000| Complete 
| 136|0x0000000088800000, 0x0000000088900000, 0x0000000088900000|100%| O|  |TAMS 0x0000000088800000| PB 0x0000000088800000| Untracked 
| 137|0x0000000088900000, 0x0000000088a00000, 0x0000000088a00000|100%| O|  |TAMS 0x0000000088900000| PB 0x0000000088900000| Untracked 
| 138|0x0000000088a00000, 0x0000000088b00000, 0x0000000088b00000|100%| O|  |TAMS 0x0000000088a00000| PB 0x0000000088a00000| Untracked 
| 139|0x0000000088b00000, 0x0000000088c00000, 0x0000000088c00000|100%| O|  |TAMS 0x0000000088b00000| PB 0x0000000088b00000| Untracked 
| 140|0x0000000088c00000, 0x0000000088c756e8, 0x0000000088d00000| 45%| O|  |TAMS 0x0000000088c00000| PB 0x0000000088c00000| Untracked 
| 141|0x0000000088d00000, 0x0000000088e00000, 0x0000000088e00000|100%|HS|  |TAMS 0x0000000088d00000| PB 0x0000000088d00000| Complete 
| 142|0x0000000088e00000, 0x0000000088e00000, 0x0000000088f00000|  0%| F|  |TAMS 0x0000000088e00000| PB 0x0000000088e00000| Untracked 
| 143|0x0000000088f00000, 0x0000000088f00000, 0x0000000089000000|  0%| F|  |TAMS 0x0000000088f00000| PB 0x0000000088f00000| Untracked 
| 144|0x0000000089000000, 0x0000000089000000, 0x0000000089100000|  0%| F|  |TAMS 0x0000000089000000| PB 0x0000000089000000| Untracked 
| 145|0x0000000089100000, 0x0000000089100000, 0x0000000089200000|  0%| F|  |TAMS 0x0000000089100000| PB 0x0000000089100000| Untracked 
| 146|0x0000000089200000, 0x0000000089200000, 0x0000000089300000|  0%| F|  |TAMS 0x0000000089200000| PB 0x0000000089200000| Untracked 
| 147|0x0000000089300000, 0x0000000089300000, 0x0000000089400000|  0%| F|  |TAMS 0x0000000089300000| PB 0x0000000089300000| Untracked 
| 148|0x0000000089400000, 0x0000000089400000, 0x0000000089500000|  0%| F|  |TAMS 0x0000000089400000| PB 0x0000000089400000| Untracked 
| 149|0x0000000089500000, 0x0000000089500000, 0x0000000089600000|  0%| F|  |TAMS 0x0000000089500000| PB 0x0000000089500000| Untracked 
| 150|0x0000000089600000, 0x0000000089600000, 0x0000000089700000|  0%| F|  |TAMS 0x0000000089600000| PB 0x0000000089600000| Untracked 
| 151|0x0000000089700000, 0x0000000089700000, 0x0000000089800000|  0%| F|  |TAMS 0x0000000089700000| PB 0x0000000089700000| Untracked 
| 152|0x0000000089800000, 0x0000000089800000, 0x0000000089900000|  0%| F|  |TAMS 0x0000000089800000| PB 0x0000000089800000| Untracked 
| 153|0x0000000089900000, 0x0000000089900000, 0x0000000089a00000|  0%| F|  |TAMS 0x0000000089900000| PB 0x0000000089900000| Untracked 
| 154|0x0000000089a00000, 0x0000000089a00000, 0x0000000089b00000|  0%| F|  |TAMS 0x0000000089a00000| PB 0x0000000089a00000| Untracked 
| 155|0x0000000089b00000, 0x0000000089b00000, 0x0000000089c00000|  0%| F|  |TAMS 0x0000000089b00000| PB 0x0000000089b00000| Untracked 
| 156|0x0000000089c00000, 0x0000000089c00000, 0x0000000089d00000|  0%| F|  |TAMS 0x0000000089c00000| PB 0x0000000089c00000| Untracked 
| 157|0x0000000089d00000, 0x0000000089d00000, 0x0000000089e00000|  0%| F|  |TAMS 0x0000000089d00000| PB 0x0000000089d00000| Untracked 
| 158|0x0000000089e00000, 0x0000000089e00000, 0x0000000089f00000|  0%| F|  |TAMS 0x0000000089e00000| PB 0x0000000089e00000| Untracked 
| 159|0x0000000089f00000, 0x0000000089f00000, 0x000000008a000000|  0%| F|  |TAMS 0x0000000089f00000| PB 0x0000000089f00000| Untracked 
| 160|0x000000008a000000, 0x000000008a000000, 0x000000008a100000|  0%| F|  |TAMS 0x000000008a000000| PB 0x000000008a000000| Untracked 
| 161|0x000000008a100000, 0x000000008a100000, 0x000000008a200000|  0%| F|  |TAMS 0x000000008a100000| PB 0x000000008a100000| Untracked 
| 162|0x000000008a200000, 0x000000008a200000, 0x000000008a300000|  0%| F|  |TAMS 0x000000008a200000| PB 0x000000008a200000| Untracked 
| 163|0x000000008a300000, 0x000000008a300000, 0x000000008a400000|  0%| F|  |TAMS 0x000000008a300000| PB 0x000000008a300000| Untracked 
| 164|0x000000008a400000, 0x000000008a400000, 0x000000008a500000|  0%| F|  |TAMS 0x000000008a400000| PB 0x000000008a400000| Untracked 
| 165|0x000000008a500000, 0x000000008a500000, 0x000000008a600000|  0%| F|  |TAMS 0x000000008a500000| PB 0x000000008a500000| Untracked 
| 166|0x000000008a600000, 0x000000008a600000, 0x000000008a700000|  0%| F|  |TAMS 0x000000008a600000| PB 0x000000008a600000| Untracked 
| 167|0x000000008a700000, 0x000000008a700000, 0x000000008a800000|  0%| F|  |TAMS 0x000000008a700000| PB 0x000000008a700000| Untracked 
| 168|0x000000008a800000, 0x000000008a800000, 0x000000008a900000|  0%| F|  |TAMS 0x000000008a800000| PB 0x000000008a800000| Untracked 
| 169|0x000000008a900000, 0x000000008a900000, 0x000000008aa00000|  0%| F|  |TAMS 0x000000008a900000| PB 0x000000008a900000| Untracked 
| 170|0x000000008aa00000, 0x000000008aa00000, 0x000000008ab00000|  0%| F|  |TAMS 0x000000008aa00000| PB 0x000000008aa00000| Untracked 
| 171|0x000000008ab00000, 0x000000008ab00000, 0x000000008ac00000|  0%| F|  |TAMS 0x000000008ab00000| PB 0x000000008ab00000| Untracked 
| 172|0x000000008ac00000, 0x000000008ac00000, 0x000000008ad00000|  0%| F|  |TAMS 0x000000008ac00000| PB 0x000000008ac00000| Untracked 
| 173|0x000000008ad00000, 0x000000008ad00000, 0x000000008ae00000|  0%| F|  |TAMS 0x000000008ad00000| PB 0x000000008ad00000| Untracked 
| 174|0x000000008ae00000, 0x000000008ae00000, 0x000000008af00000|  0%| F|  |TAMS 0x000000008ae00000| PB 0x000000008ae00000| Untracked 
| 175|0x000000008af00000, 0x000000008af00000, 0x000000008b000000|  0%| F|  |TAMS 0x000000008af00000| PB 0x000000008af00000| Untracked 
| 176|0x000000008b000000, 0x000000008b000000, 0x000000008b100000|  0%| F|  |TAMS 0x000000008b000000| PB 0x000000008b000000| Untracked 
| 177|0x000000008b100000, 0x000000008b100000, 0x000000008b200000|  0%| F|  |TAMS 0x000000008b100000| PB 0x000000008b100000| Untracked 
| 178|0x000000008b200000, 0x000000008b200000, 0x000000008b300000|  0%| F|  |TAMS 0x000000008b200000| PB 0x000000008b200000| Untracked 
| 179|0x000000008b300000, 0x000000008b357858, 0x000000008b400000| 34%| S|CS|TAMS 0x000000008b300000| PB 0x000000008b300000| Complete 
| 180|0x000000008b400000, 0x000000008b500000, 0x000000008b500000|100%| S|CS|TAMS 0x000000008b400000| PB 0x000000008b400000| Complete 
| 181|0x000000008b500000, 0x000000008b600000, 0x000000008b600000|100%| S|CS|TAMS 0x000000008b500000| PB 0x000000008b500000| Complete 
| 182|0x000000008b600000, 0x000000008b600000, 0x000000008b700000|  0%| F|  |TAMS 0x000000008b600000| PB 0x000000008b600000| Untracked 
| 183|0x000000008b700000, 0x000000008b700000, 0x000000008b800000|  0%| F|  |TAMS 0x000000008b700000| PB 0x000000008b700000| Untracked 
| 184|0x000000008b800000, 0x000000008b8e34e0, 0x000000008b900000| 88%| E|  |TAMS 0x000000008b800000| PB 0x000000008b800000| Complete 
| 185|0x000000008b900000, 0x000000008ba00000, 0x000000008ba00000|100%| E|CS|TAMS 0x000000008b900000| PB 0x000000008b900000| Complete 
| 186|0x000000008ba00000, 0x000000008bb00000, 0x000000008bb00000|100%| E|CS|TAMS 0x000000008ba00000| PB 0x000000008ba00000| Complete 
| 187|0x000000008bb00000, 0x000000008bc00000, 0x000000008bc00000|100%| E|CS|TAMS 0x000000008bb00000| PB 0x000000008bb00000| Complete 
| 188|0x000000008bc00000, 0x000000008bd00000, 0x000000008bd00000|100%| E|CS|TAMS 0x000000008bc00000| PB 0x000000008bc00000| Complete 
| 189|0x000000008bd00000, 0x000000008be00000, 0x000000008be00000|100%| E|CS|TAMS 0x000000008bd00000| PB 0x000000008bd00000| Complete 
| 190|0x000000008be00000, 0x000000008bf00000, 0x000000008bf00000|100%| E|CS|TAMS 0x000000008be00000| PB 0x000000008be00000| Complete 
| 191|0x000000008bf00000, 0x000000008c000000, 0x000000008c000000|100%| E|CS|TAMS 0x000000008bf00000| PB 0x000000008bf00000| Complete 
| 192|0x000000008c000000, 0x000000008c100000, 0x000000008c100000|100%| E|CS|TAMS 0x000000008c000000| PB 0x000000008c000000| Complete 
| 193|0x000000008c100000, 0x000000008c200000, 0x000000008c200000|100%| E|CS|TAMS 0x000000008c100000| PB 0x000000008c100000| Complete 
| 194|0x000000008c200000, 0x000000008c300000, 0x000000008c300000|100%| E|CS|TAMS 0x000000008c200000| PB 0x000000008c200000| Complete 
| 195|0x000000008c300000, 0x000000008c400000, 0x000000008c400000|100%| E|CS|TAMS 0x000000008c300000| PB 0x000000008c300000| Complete 
| 196|0x000000008c400000, 0x000000008c500000, 0x000000008c500000|100%| E|CS|TAMS 0x000000008c400000| PB 0x000000008c400000| Complete 
| 197|0x000000008c500000, 0x000000008c600000, 0x000000008c600000|100%| E|CS|TAMS 0x000000008c500000| PB 0x000000008c500000| Complete 
| 198|0x000000008c600000, 0x000000008c700000, 0x000000008c700000|100%| E|  |TAMS 0x000000008c600000| PB 0x000000008c600000| Complete 
| 199|0x000000008c700000, 0x000000008c800000, 0x000000008c800000|100%| E|CS|TAMS 0x000000008c700000| PB 0x000000008c700000| Complete 
| 200|0x000000008c800000, 0x000000008c900000, 0x000000008c900000|100%| E|CS|TAMS 0x000000008c800000| PB 0x000000008c800000| Complete 
| 201|0x000000008c900000, 0x000000008ca00000, 0x000000008ca00000|100%| E|CS|TAMS 0x000000008c900000| PB 0x000000008c900000| Complete 
| 202|0x000000008ca00000, 0x000000008cb00000, 0x000000008cb00000|100%| E|CS|TAMS 0x000000008ca00000| PB 0x000000008ca00000| Complete 
| 203|0x000000008cb00000, 0x000000008cc00000, 0x000000008cc00000|100%| E|CS|TAMS 0x000000008cb00000| PB 0x000000008cb00000| Complete 
| 204|0x000000008cc00000, 0x000000008cd00000, 0x000000008cd00000|100%| E|CS|TAMS 0x000000008cc00000| PB 0x000000008cc00000| Complete 
| 205|0x000000008cd00000, 0x000000008ce00000, 0x000000008ce00000|100%| E|CS|TAMS 0x000000008cd00000| PB 0x000000008cd00000| Complete 
| 206|0x000000008ce00000, 0x000000008cf00000, 0x000000008cf00000|100%| E|CS|TAMS 0x000000008ce00000| PB 0x000000008ce00000| Complete 
| 207|0x000000008cf00000, 0x000000008d000000, 0x000000008d000000|100%| E|CS|TAMS 0x000000008cf00000| PB 0x000000008cf00000| Complete 
| 208|0x000000008d000000, 0x000000008d100000, 0x000000008d100000|100%| E|CS|TAMS 0x000000008d000000| PB 0x000000008d000000| Complete 
| 209|0x000000008d100000, 0x000000008d200000, 0x000000008d200000|100%| E|CS|TAMS 0x000000008d100000| PB 0x000000008d100000| Complete 
| 210|0x000000008d200000, 0x000000008d300000, 0x000000008d300000|100%| E|CS|TAMS 0x000000008d200000| PB 0x000000008d200000| Complete 
| 211|0x000000008d300000, 0x000000008d400000, 0x000000008d400000|100%| E|CS|TAMS 0x000000008d300000| PB 0x000000008d300000| Complete 
| 212|0x000000008d400000, 0x000000008d500000, 0x000000008d500000|100%| E|CS|TAMS 0x000000008d400000| PB 0x000000008d400000| Complete 
| 213|0x000000008d500000, 0x000000008d600000, 0x000000008d600000|100%| E|CS|TAMS 0x000000008d500000| PB 0x000000008d500000| Complete 
| 214|0x000000008d600000, 0x000000008d700000, 0x000000008d700000|100%| E|CS|TAMS 0x000000008d600000| PB 0x000000008d600000| Complete 
| 215|0x000000008d700000, 0x000000008d800000, 0x000000008d800000|100%| E|CS|TAMS 0x000000008d700000| PB 0x000000008d700000| Complete 
| 216|0x000000008d800000, 0x000000008d900000, 0x000000008d900000|100%| E|CS|TAMS 0x000000008d800000| PB 0x000000008d800000| Complete 
| 217|0x000000008d900000, 0x000000008da00000, 0x000000008da00000|100%| E|CS|TAMS 0x000000008d900000| PB 0x000000008d900000| Complete 
| 218|0x000000008da00000, 0x000000008db00000, 0x000000008db00000|100%| E|CS|TAMS 0x000000008da00000| PB 0x000000008da00000| Complete 
| 219|0x000000008db00000, 0x000000008dc00000, 0x000000008dc00000|100%| E|CS|TAMS 0x000000008db00000| PB 0x000000008db00000| Complete 
| 220|0x000000008dc00000, 0x000000008dd00000, 0x000000008dd00000|100%| E|CS|TAMS 0x000000008dc00000| PB 0x000000008dc00000| Complete 
| 221|0x000000008dd00000, 0x000000008de00000, 0x000000008de00000|100%| E|CS|TAMS 0x000000008dd00000| PB 0x000000008dd00000| Complete 
| 222|0x000000008de00000, 0x000000008df00000, 0x000000008df00000|100%| E|CS|TAMS 0x000000008de00000| PB 0x000000008de00000| Complete 
| 223|0x000000008df00000, 0x000000008e000000, 0x000000008e000000|100%| E|CS|TAMS 0x000000008df00000| PB 0x000000008df00000| Complete 
| 224|0x000000008e000000, 0x000000008e100000, 0x000000008e100000|100%| E|CS|TAMS 0x000000008e000000| PB 0x000000008e000000| Complete 
| 225|0x000000008e100000, 0x000000008e200000, 0x000000008e200000|100%| E|CS|TAMS 0x000000008e100000| PB 0x000000008e100000| Complete 
| 226|0x000000008e200000, 0x000000008e300000, 0x000000008e300000|100%| E|CS|TAMS 0x000000008e200000| PB 0x000000008e200000| Complete 
| 227|0x000000008e300000, 0x000000008e400000, 0x000000008e400000|100%| E|CS|TAMS 0x000000008e300000| PB 0x000000008e300000| Complete 
| 228|0x000000008e400000, 0x000000008e500000, 0x000000008e500000|100%| E|CS|TAMS 0x000000008e400000| PB 0x000000008e400000| Complete 
| 229|0x000000008e500000, 0x000000008e600000, 0x000000008e600000|100%| E|CS|TAMS 0x000000008e500000| PB 0x000000008e500000| Complete 
| 230|0x000000008e600000, 0x000000008e700000, 0x000000008e700000|100%| E|CS|TAMS 0x000000008e600000| PB 0x000000008e600000| Complete 
| 231|0x000000008e700000, 0x000000008e800000, 0x000000008e800000|100%| E|CS|TAMS 0x000000008e700000| PB 0x000000008e700000| Complete 
|2040|0x00000000ff800000, 0x00000000ff900000, 0x00000000ff900000|100%| E|CS|TAMS 0x00000000ff800000| PB 0x00000000ff800000| Complete 
|2041|0x00000000ff900000, 0x00000000ffa00000, 0x00000000ffa00000|100%| E|CS|TAMS 0x00000000ff900000| PB 0x00000000ff900000| Complete 
|2042|0x00000000ffa00000, 0x00000000ffb00000, 0x00000000ffb00000|100%| E|CS|TAMS 0x00000000ffa00000| PB 0x00000000ffa00000| Complete 
|2043|0x00000000ffb00000, 0x00000000ffc00000, 0x00000000ffc00000|100%| E|CS|TAMS 0x00000000ffb00000| PB 0x00000000ffb00000| Complete 
|2044|0x00000000ffc00000, 0x00000000ffd00000, 0x00000000ffd00000|100%| O|Cm|TAMS 0x00000000ffc00000| PB 0x00000000ffc00000| Complete 
|2045|0x00000000ffd00000, 0x00000000ffe00000, 0x00000000ffe00000|100%| E|CS|TAMS 0x00000000ffd00000| PB 0x00000000ffd00000| Complete 
|2046|0x00000000ffe00000, 0x00000000fff00000, 0x00000000fff00000|100%| O|  |TAMS 0x00000000ffe00000| PB 0x00000000ffe00000| Untracked 
|2047|0x00000000fff00000, 0x0000000100000000, 0x0000000100000000|100%| E|CS|TAMS 0x00000000fff00000| PB 0x00000000fff00000| Complete 

Card table byte_map: [0x000001b200000000,0x000001b200400000] _byte_map_base: 0x000001b1ffc00000

Marking Bits: (CMBitMap*) 0x000001b26d496c50
 Bits: [0x000001b200400000, 0x000001b202400000)

Polling page: 0x000001b26b2b0000

Metaspace:

Usage:
  Non-class:    121.84 MB used.
      Class:     20.27 MB used.
       Both:    142.10 MB used.

Virtual space:
  Non-class space:      128.00 MB reserved,     123.00 MB ( 96%) committed,  2 nodes.
      Class space:        1.00 GB reserved,      21.44 MB (  2%) committed,  1 nodes.
             Both:        1.12 GB reserved,     144.44 MB ( 13%) committed. 

Chunk freelists:
   Non-Class:  4.83 MB
       Class:  10.52 MB
        Both:  15.33 MB

MaxMetaspaceSize: unlimited
CompressedClassSpaceSize: 1.00 GB
Initial GC threshold: 21.00 MB
Current GC threshold: 225.56 MB
CDS: off
 - commit_granule_bytes: 65536.
 - commit_granule_words: 8192.
 - virtual_space_node_default_size: 8388608.
 - enlarge_chunks_in_place: 1.
 - use_allocation_guard: 0.


Internal statistics:

num_allocs_failed_limit: 6.
num_arena_births: 4608.
num_arena_deaths: 0.
num_vsnodes_births: 3.
num_vsnodes_deaths: 0.
num_space_committed: 2310.
num_space_uncommitted: 0.
num_chunks_returned_to_freelist: 6.
num_chunks_taken_from_freelist: 10839.
num_chunk_merges: 6.
num_chunk_splits: 7126.
num_chunks_enlarged: 4596.
num_inconsistent_stats: 0.

CodeHeap 'non-profiled nmethods': size=120000Kb used=10105Kb max_used=10105Kb free=109894Kb
 bounds [0x000001b278060000, 0x000001b278a40000, 0x000001b27f590000]
CodeHeap 'profiled nmethods': size=120000Kb used=28419Kb max_used=28419Kb free=91580Kb
 bounds [0x000001b270590000, 0x000001b272160000, 0x000001b277ac0000]
CodeHeap 'non-nmethods': size=5760Kb used=2971Kb max_used=3016Kb free=2788Kb
 bounds [0x000001b277ac0000, 0x000001b277dc0000, 0x000001b278060000]
 total_blobs=16362 nmethods=15303 adapters=962
 compilation: enabled
              stopped_count=0, restarted_count=0
 full_count=0

Compilation events (20 events):
Event: 18.084 Thread 0x000001b20d0a28e0 nmethod 18093 0x000001b278a2f390 code [0x000001b278a2f560, 0x000001b278a2f9a8]
Event: 18.084 Thread 0x000001b20d0a28e0 18182       4       com.android.tools.r8.graph.n7$$Lambda/0x0000000101546a08::accept (20 bytes)
Event: 18.085 Thread 0x000001b2051aa990 nmethod 18344 0x000001b272134290 code [0x000001b272134580, 0x000001b272135248]
Event: 18.085 Thread 0x000001b2051c9460 nmethod 18261 0x000001b278a2fc90 code [0x000001b278a2fee0, 0x000001b278a30580]
Event: 18.085 Thread 0x000001b2051c9460 18180       4       com.android.tools.r8.graph.o6$h::hashCode (8 bytes)
Event: 18.086 Thread 0x000001b2051c9460 nmethod 18180 0x000001b278a30c10 code [0x000001b278a30da0, 0x000001b278a30e30]
Event: 18.086 Thread 0x000001b2051c9460 18184       4       com.android.tools.r8.graph.n7$$Lambda/0x0000000101546798::test (8 bytes)
Event: 18.086 Thread 0x000001b2051c9460 nmethod 18184 0x000001b278a30f10 code [0x000001b278a310a0, 0x000001b278a31188]
Event: 18.086 Thread 0x000001b2051c9460 18023       4       com.android.tools.r8.internal.vp2::next (13 bytes)
Event: 18.087 Thread 0x000001b20d0a28e0 nmethod 18182 0x000001b278a31290 code [0x000001b278a31480, 0x000001b278a31848]
Event: 18.087 Thread 0x000001b20d0a28e0 18037       4       com.android.tools.r8.dex.j1::a (72 bytes)
Event: 18.087 Thread 0x000001b2051c9460 nmethod 18023 0x000001b278a31b90 code [0x000001b278a31d40, 0x000001b278a31ee8]
Event: 18.087 Thread 0x000001b2051c9460 18179       4       com.android.tools.r8.graph.u1::isEmpty (12 bytes)
Event: 18.087 Thread 0x000001b2051c9460 nmethod 18179 0x000001b278a32090 code [0x000001b278a32220, 0x000001b278a322d0]
Event: 18.087 Thread 0x000001b2051c9460 18294       4       com.android.tools.r8.graph.n7$$Lambda/0x0000000101558d58::test (8 bytes)
Event: 18.088 Thread 0x000001b2051c9460 nmethod 18294 0x000001b278a32390 code [0x000001b278a32520, 0x000001b278a32608]
Event: 18.088 Thread 0x000001b2051c9460 18302       4       com.android.tools.r8.dex.y::f (18 bytes)
Event: 18.088 Thread 0x000001b2051aa990 18345       1       com.android.tools.r8.internal.d42::getKey (5 bytes)
Event: 18.088 Thread 0x000001b2051aa990 nmethod 18345 0x000001b278a32710 code [0x000001b278a328a0, 0x000001b278a32968]
Event: 18.088 Thread 0x000001b2051aa990 18346       3       com.android.tools.r8.internal.z74::a (306 bytes)

GC Heap History (20 events):
Event: 12.711 GC heap before
{Heap before GC invocations=49 (full 0):
 garbage-first heap   total 179200K, used 157618K [0x0000000080000000, 0x0000000100000000)
  region size 1024K, 53 young (54272K), 2 survivors (2048K)
 Metaspace       used 111548K, committed 113664K, reserved 1179648K
  class space    used 15421K, committed 16448K, reserved 1048576K
}
Event: 12.718 GC heap after
{Heap after GC invocations=50 (full 0):
 garbage-first heap   total 181248K, used 123038K [0x0000000080000000, 0x0000000100000000)
  region size 1024K, 7 young (7168K), 7 survivors (7168K)
 Metaspace       used 111548K, committed 113664K, reserved 1179648K
  class space    used 15421K, committed 16448K, reserved 1048576K
}
Event: 13.031 GC heap before
{Heap before GC invocations=50 (full 0):
 garbage-first heap   total 181248K, used 174238K [0x0000000080000000, 0x0000000100000000)
  region size 1024K, 43 young (44032K), 7 survivors (7168K)
 Metaspace       used 112143K, committed 114368K, reserved 1179648K
  class space    used 15493K, committed 16576K, reserved 1048576K
}
Event: 13.039 GC heap after
{Heap after GC invocations=51 (full 0):
 garbage-first heap   total 190464K, used 127378K [0x0000000080000000, 0x0000000100000000)
  region size 1024K, 6 young (6144K), 6 survivors (6144K)
 Metaspace       used 112143K, committed 114368K, reserved 1179648K
  class space    used 15493K, committed 16576K, reserved 1048576K
}
Event: 13.232 GC heap before
{Heap before GC invocations=51 (full 0):
 garbage-first heap   total 190464K, used 167314K [0x0000000080000000, 0x0000000100000000)
  region size 1024K, 46 young (47104K), 6 survivors (6144K)
 Metaspace       used 112894K, committed 115136K, reserved 1179648K
  class space    used 15591K, committed 16704K, reserved 1048576K
}
Event: 13.236 GC heap after
{Heap after GC invocations=52 (full 0):
 garbage-first heap   total 229376K, used 131506K [0x0000000080000000, 0x0000000100000000)
  region size 1024K, 5 young (5120K), 5 survivors (5120K)
 Metaspace       used 112894K, committed 115136K, reserved 1179648K
  class space    used 15591K, committed 16704K, reserved 1048576K
}
Event: 13.464 GC heap before
{Heap before GC invocations=53 (full 0):
 garbage-first heap   total 229376K, used 190898K [0x0000000080000000, 0x0000000100000000)
  region size 1024K, 66 young (67584K), 5 survivors (5120K)
 Metaspace       used 113367K, committed 115648K, reserved 1179648K
  class space    used 15634K, committed 16768K, reserved 1048576K
}
Event: 13.468 GC heap after
{Heap after GC invocations=54 (full 0):
 garbage-first heap   total 229376K, used 131315K [0x0000000080000000, 0x0000000100000000)
  region size 1024K, 7 young (7168K), 7 survivors (7168K)
 Metaspace       used 113367K, committed 115648K, reserved 1179648K
  class space    used 15634K, committed 16768K, reserved 1048576K
}
Event: 15.209 GC heap before
{Heap before GC invocations=54 (full 0):
 garbage-first heap   total 229376K, used 199923K [0x0000000080000000, 0x0000000100000000)
  region size 1024K, 75 young (76800K), 7 survivors (7168K)
 Metaspace       used 114530K, committed 116800K, reserved 1179648K
  class space    used 15771K, committed 16896K, reserved 1048576K
}
Event: 15.216 GC heap after
{Heap after GC invocations=55 (full 0):
 garbage-first heap   total 229376K, used 134572K [0x0000000080000000, 0x0000000100000000)
  region size 1024K, 10 young (10240K), 10 survivors (10240K)
 Metaspace       used 114530K, committed 116800K, reserved 1179648K
  class space    used 15771K, committed 16896K, reserved 1048576K
}
Event: 15.561 GC heap before
{Heap before GC invocations=55 (full 0):
 garbage-first heap   total 229376K, used 183724K [0x0000000080000000, 0x0000000100000000)
  region size 1024K, 60 young (61440K), 10 survivors (10240K)
 Metaspace       used 116695K, committed 118912K, reserved 1179648K
  class space    used 16076K, committed 17152K, reserved 1048576K
}
Event: 15.569 GC heap after
{Heap after GC invocations=56 (full 0):
 garbage-first heap   total 229376K, used 141598K [0x0000000080000000, 0x0000000100000000)
  region size 1024K, 9 young (9216K), 9 survivors (9216K)
 Metaspace       used 116695K, committed 118912K, reserved 1179648K
  class space    used 16076K, committed 17152K, reserved 1048576K
}
Event: 16.148 GC heap before
{Heap before GC invocations=57 (full 0):
 garbage-first heap   total 229376K, used 195870K [0x0000000080000000, 0x0000000100000000)
  region size 1024K, 68 young (69632K), 9 survivors (9216K)
 Metaspace       used 122660K, committed 124992K, reserved 1179648K
  class space    used 16834K, committed 17984K, reserved 1048576K
}
Event: 16.157 GC heap after
{Heap after GC invocations=58 (full 0):
 garbage-first heap   total 229376K, used 145536K [0x0000000080000000, 0x0000000100000000)
  region size 1024K, 9 young (9216K), 9 survivors (9216K)
 Metaspace       used 122660K, committed 124992K, reserved 1179648K
  class space    used 16834K, committed 17984K, reserved 1048576K
}
Event: 16.851 GC heap before
{Heap before GC invocations=58 (full 0):
 garbage-first heap   total 229376K, used 200832K [0x0000000080000000, 0x0000000100000000)
  region size 1024K, 62 young (63488K), 9 survivors (9216K)
 Metaspace       used 127437K, committed 129792K, reserved 1179648K
  class space    used 17508K, committed 18688K, reserved 1048576K
}
Event: 16.856 GC heap after
{Heap after GC invocations=59 (full 0):
 garbage-first heap   total 229376K, used 140077K [0x0000000080000000, 0x0000000100000000)
  region size 1024K, 6 young (6144K), 6 survivors (6144K)
 Metaspace       used 127437K, committed 129792K, reserved 1179648K
  class space    used 17508K, committed 18688K, reserved 1048576K
}
Event: 17.394 GC heap before
{Heap before GC invocations=59 (full 0):
 garbage-first heap   total 229376K, used 201517K [0x0000000080000000, 0x0000000100000000)
  region size 1024K, 67 young (68608K), 6 survivors (6144K)
 Metaspace       used 134405K, committed 136768K, reserved 1179648K
  class space    used 18631K, committed 19840K, reserved 1048576K
}
Event: 17.400 GC heap after
{Heap after GC invocations=60 (full 0):
 garbage-first heap   total 229376K, used 146622K [0x0000000080000000, 0x0000000100000000)
  region size 1024K, 7 young (7168K), 7 survivors (7168K)
 Metaspace       used 134405K, committed 136768K, reserved 1179648K
  class space    used 18631K, committed 19840K, reserved 1048576K
}
Event: 17.798 GC heap before
{Heap before GC invocations=61 (full 0):
 garbage-first heap   total 245760K, used 202942K [0x0000000080000000, 0x0000000100000000)
  region size 1024K, 63 young (64512K), 7 survivors (7168K)
 Metaspace       used 141298K, committed 143680K, reserved 1179648K
  class space    used 19983K, committed 21184K, reserved 1048576K
}
Event: 17.803 GC heap after
{Heap after GC invocations=62 (full 0):
 garbage-first heap   total 245760K, used 148275K [0x0000000080000000, 0x0000000100000000)
  region size 1024K, 3 young (3072K), 3 survivors (3072K)
 Metaspace       used 141298K, committed 143680K, reserved 1179648K
  class space    used 19983K, committed 21184K, reserved 1048576K
}

Dll operation events (3 events):
Event: 0.007 Loaded shared library C:\Program Files\Android\Android Studio\jbr\bin\java.dll
Event: 0.011 Loaded shared library C:\Program Files\Android\Android Studio\jbr\bin\zip.dll
Event: 0.510 Loaded shared library C:\Program Files\Android\Android Studio\jbr\bin\verify.dll

Deoptimization events (20 events):
Event: 18.073 Thread 0x000001b21181ad20 Uncommon trap: trap_request=0xffffff45 fr.pc=0x000001b2788dda04 relative=0x0000000000000344
Event: 18.073 Thread 0x000001b21181ad20 Uncommon trap: reason=unstable_if action=reinterpret pc=0x000001b2788dda04 method=java.lang.StringLatin1.lastIndexOf([BI[BII)I @ 111 c2
Event: 18.073 Thread 0x000001b21181ad20 DEOPT PACKING pc=0x000001b2788dda04 sp=0x0000000b8d9fccd0
Event: 18.073 Thread 0x000001b21181ad20 DEOPT UNPACKING pc=0x000001b277b146a2 sp=0x0000000b8d9fcbb0 mode 2
Event: 18.074 Thread 0x000001b21181ad20 Uncommon trap: trap_request=0xffffffde fr.pc=0x000001b27865c698 relative=0x0000000000000078
Event: 18.074 Thread 0x000001b21181ad20 Uncommon trap: reason=class_check action=maybe_recompile pc=0x000001b27865c698 method=java.lang.invoke.Invokers$Holder.linkToTargetMethod(Ljava/lang/Object;Ljava/lang/Object;Ljava/lang/Object;Ljava/lang/Object;Ljava/lang/Object;)Ljava/lang/Object; @ 2 c2
Event: 18.074 Thread 0x000001b21181ad20 DEOPT PACKING pc=0x000001b27865c698 sp=0x0000000b8d9fccb0
Event: 18.074 Thread 0x000001b21181ad20 DEOPT UNPACKING pc=0x000001b277b146a2 sp=0x0000000b8d9fcc38 mode 2
Event: 18.074 Thread 0x000001b21181ad20 Uncommon trap: trap_request=0xffffffde fr.pc=0x000001b27865c698 relative=0x0000000000000078
Event: 18.074 Thread 0x000001b21181ad20 Uncommon trap: reason=class_check action=maybe_recompile pc=0x000001b27865c698 method=java.lang.invoke.Invokers$Holder.linkToTargetMethod(Ljava/lang/Object;Ljava/lang/Object;Ljava/lang/Object;Ljava/lang/Object;Ljava/lang/Object;)Ljava/lang/Object; @ 2 c2
Event: 18.074 Thread 0x000001b21181ad20 DEOPT PACKING pc=0x000001b27865c698 sp=0x0000000b8d9fccb0
Event: 18.074 Thread 0x000001b21181ad20 DEOPT UNPACKING pc=0x000001b277b146a2 sp=0x0000000b8d9fcc38 mode 2
Event: 18.074 Thread 0x000001b21181ad20 Uncommon trap: trap_request=0xffffff45 fr.pc=0x000001b2789d6e44 relative=0x0000000000000184
Event: 18.074 Thread 0x000001b21181ad20 Uncommon trap: reason=unstable_if action=reinterpret pc=0x000001b2789d6e44 method=java.util.IdentityHashMap.maskNull(Ljava/lang/Object;)Ljava/lang/Object; @ 1 c2
Event: 18.074 Thread 0x000001b21181ad20 DEOPT PACKING pc=0x000001b2789d6e44 sp=0x0000000b8d9fccd0
Event: 18.074 Thread 0x000001b21181ad20 DEOPT UNPACKING pc=0x000001b277b146a2 sp=0x0000000b8d9fcbf8 mode 2
Event: 18.074 Thread 0x000001b21181ad20 Uncommon trap: trap_request=0xffffff45 fr.pc=0x000001b278772ae4 relative=0x0000000000000044
Event: 18.074 Thread 0x000001b21181ad20 Uncommon trap: reason=unstable_if action=reinterpret pc=0x000001b278772ae4 method=java.util.IdentityHashMap.maskNull(Ljava/lang/Object;)Ljava/lang/Object; @ 1 c2
Event: 18.074 Thread 0x000001b21181ad20 DEOPT PACKING pc=0x000001b278772ae4 sp=0x0000000b8d9fcc60
Event: 18.074 Thread 0x000001b21181ad20 DEOPT UNPACKING pc=0x000001b277b146a2 sp=0x0000000b8d9fcc00 mode 2

Classes loaded (20 events):
Event: 17.689 Loading class java/util/stream/SliceOps
Event: 17.690 Loading class java/util/stream/SliceOps done
Event: 17.690 Loading class java/util/stream/SliceOps$1
Event: 17.690 Loading class java/util/stream/SliceOps$1 done
Event: 17.693 Loading class java/util/stream/SliceOps$1$1
Event: 17.693 Loading class java/util/stream/SliceOps$1$1 done
Event: 18.022 Loading class java/nio/ShortBuffer
Event: 18.022 Loading class java/nio/ShortBuffer done
Event: 18.044 Loading class java/nio/ByteBufferAsShortBufferL
Event: 18.044 Loading class java/nio/ByteBufferAsShortBufferL done
Event: 18.059 Loading class java/util/zip/Adler32
Event: 18.059 Loading class java/util/zip/Adler32 done
Event: 18.066 Loading class java/util/zip/Deflater
Event: 18.066 Loading class java/util/zip/Deflater done
Event: 18.067 Loading class java/util/zip/Deflater$DeflaterZStreamRef
Event: 18.067 Loading class java/util/zip/Deflater$DeflaterZStreamRef done
Event: 18.071 Loading class java/util/zip/ZipOutputStream$XEntry
Event: 18.071 Loading class java/util/zip/ZipOutputStream$XEntry done
Event: 18.075 Loading class java/util/Vector$Itr
Event: 18.076 Loading class java/util/Vector$Itr done

Classes unloaded (0 events):
No events

Classes redefined (0 events):
No events

Internal exceptions (20 events):
Event: 17.768 Thread 0x000001b2167f3600 Implicit null exception at 0x000001b27877c4de to 0x000001b27877c544
Event: 17.768 Thread 0x000001b2167f2250 Implicit null exception at 0x000001b27877c4de to 0x000001b27877c544
Event: 17.806 Thread 0x000001b2167ee740 Exception <a 'java/lang/IncompatibleClassChangeError'{0x00000000fff22fd0}: Found class java.lang.Object, but interface was expected> (0x00000000fff22fd0) 
thrown [s\src\hotspot\share\interpreter\linkResolver.cpp, line 851]
Event: 17.807 Thread 0x000001b2167ee740 Exception <a 'java/lang/IncompatibleClassChangeError'{0x00000000ffd1e8e8}: Found class java.lang.Object, but interface was expected> (0x00000000ffd1e8e8) 
thrown [s\src\hotspot\share\interpreter\linkResolver.cpp, line 851]
Event: 17.808 Thread 0x000001b21181ad20 Exception <a 'java/lang/IncompatibleClassChangeError'{0x00000000ffd8f710}: Found class java.lang.Object, but interface was expected> (0x00000000ffd8f710) 
thrown [s\src\hotspot\share\interpreter\linkResolver.cpp, line 851]
Event: 17.817 Thread 0x000001b2167ee740 Exception <a 'java/lang/IncompatibleClassChangeError'{0x00000000ffbb2430}: Found class java.lang.Object, but interface was expected> (0x00000000ffbb2430) 
thrown [s\src\hotspot\share\interpreter\linkResolver.cpp, line 851]
Event: 17.850 Thread 0x000001b2167ee740 Exception <a 'java/lang/NoSuchMethodError'{0x000000008e004e78}: 'void java.lang.invoke.DirectMethodHandle$Holder.invokeSpecial(java.lang.Object, java.lang.Object, java.lang.Object, int, java.lang.Object, java.lang.Object, java.lang.Object, java.lang.Object)'> (0x000000008e004e78) 
thrown [s\src\hotspot\share\interpreter\linkResolver.cpp, line 784]
Event: 17.850 Thread 0x000001b2167efaf0 Exception <a 'java/lang/NoSuchMethodError'{0x000000008e130440}: 'void java.lang.invoke.DirectMethodHandle$Holder.invokeSpecial(java.lang.Object, java.lang.Object, java.lang.Object, int, java.lang.Object, java.lang.Object, java.lang.Object, java.lang.Object)'> (0x000000008e130440) 
thrown [s\src\hotspot\share\interpreter\linkResolver.cpp, line 784]
Event: 17.855 Thread 0x000001b2167f2250 Exception <a 'java/lang/NoSuchMethodError'{0x000000008e0d0d38}: 'void java.lang.invoke.DirectMethodHandle$Holder.invokeStatic(java.lang.Object, java.lang.Object, java.lang.Object, java.lang.Object, java.lang.Object, java.lang.Object, java.lang.Object, java.lang.Object)'> (0x000000008e0d0d38) 
thrown [s\src\hotspot\share\interpreter\linkResolver.cpp, line 784]
Event: 17.855 Thread 0x000001b2167ee740 Exception <a 'java/lang/NoSuchMethodError'{0x000000008dfbd8f8}: 'void java.lang.invoke.DirectMethodHandle$Holder.invokeStatic(java.lang.Object, java.lang.Object, java.lang.Object, java.lang.Object, java.lang.Object, java.lang.Object, java.lang.Object, java.lang.Object)'> (0x000000008dfbd8f8) 
thrown [s\src\hotspot\share\interpreter\linkResolver.cpp, line 784]
Event: 17.855 Thread 0x000001b2167efaf0 Exception <a 'java/lang/NoSuchMethodError'{0x000000008dfec408}: 'void java.lang.invoke.DirectMethodHandle$Holder.invokeStatic(java.lang.Object, java.lang.Object, java.lang.Object, java.lang.Object, java.lang.Object, java.lang.Object, java.lang.Object, java.lang.Object)'> (0x000000008dfec408) 
thrown [s\src\hotspot\share\interpreter\linkResolver.cpp, line 784]
Event: 17.855 Thread 0x000001b2167f1bc0 Exception <a 'java/lang/NoSuchMethodError'{0x000000008df49ec8}: 'void java.lang.invoke.DirectMethodHandle$Holder.invokeStatic(java.lang.Object, java.lang.Object, java.lang.Object, java.lang.Object, java.lang.Object, java.lang.Object, java.lang.Object, java.lang.Object)'> (0x000000008df49ec8) 
thrown [s\src\hotspot\share\interpreter\linkResolver.cpp, line 784]
Event: 17.889 Thread 0x000001b21181ad20 Implicit null exception at 0x000001b2789dd6ef to 0x000001b2789ddc09
Event: 17.991 Thread 0x000001b21181ad20 Exception <a 'java/lang/NoSuchMethodError'{0x000000008ceeef28}: 'int java.lang.invoke.DirectMethodHandle$Holder.invokeInterface(java.lang.Object, java.lang.Object, int)'> (0x000000008ceeef28) 
thrown [s\src\hotspot\share\interpreter\linkResolver.cpp, line 784]
Event: 18.014 Thread 0x000001b21181ad20 Exception <a 'java/lang/NoSuchMethodError'{0x000000008c803f80}: 'void java.lang.invoke.DirectMethodHandle$Holder.invokeStatic(java.lang.Object, int)'> (0x000000008c803f80) 
thrown [s\src\hotspot\share\interpreter\linkResolver.cpp, line 784]
Event: 18.028 Thread 0x000001b2167f1bc0 Exception <a 'java/lang/IncompatibleClassChangeError'{0x000000008c404d80}: Found class java.lang.Object, but interface was expected> (0x000000008c404d80) 
thrown [s\src\hotspot\share\interpreter\linkResolver.cpp, line 851]
Event: 18.028 Thread 0x000001b2167efaf0 Exception <a 'java/lang/IncompatibleClassChangeError'{0x000000008c5f2518}: Found class java.lang.Object, but interface was expected> (0x000000008c5f2518) 
thrown [s\src\hotspot\share\interpreter\linkResolver.cpp, line 851]
Event: 18.028 Thread 0x000001b2167f2250 Exception <a 'java/lang/IncompatibleClassChangeError'{0x000000008c584a80}: Found class java.lang.Object, but interface was expected> (0x000000008c584a80) 
thrown [s\src\hotspot\share\interpreter\linkResolver.cpp, line 851]
Event: 18.064 Thread 0x000001b2167ee740 Exception <a 'sun/nio/fs/WindowsException'{0x000000008bc1f590}> (0x000000008bc1f590) 
thrown [s\src\hotspot\share\prims\jni.cpp, line 537]
Event: 18.074 Thread 0x000001b21181ad20 Implicit null exception at 0x000001b2789d6d00 to 0x000001b2789d6e30

ZGC Phase Switch (0 events):
No events

VM Operations (20 events):
Event: 17.887 Executing VM operation: HandshakeAllThreads (Deoptimize) done
Event: 17.911 Executing VM operation: HandshakeAllThreads (Deoptimize)
Event: 17.911 Executing VM operation: HandshakeAllThreads (Deoptimize) done
Event: 17.912 Executing VM operation: ICBufferFull
Event: 17.912 Executing VM operation: ICBufferFull done
Event: 17.916 Executing VM operation: HandshakeAllThreads (Deoptimize)
Event: 17.917 Executing VM operation: HandshakeAllThreads (Deoptimize) done
Event: 17.923 Executing VM operation: HandshakeAllThreads (Deoptimize)
Event: 17.923 Executing VM operation: HandshakeAllThreads (Deoptimize) done
Event: 17.986 Executing VM operation: ICBufferFull
Event: 17.986 Executing VM operation: ICBufferFull done
Event: 18.012 Executing VM operation: HandshakeAllThreads (Deoptimize)
Event: 18.012 Executing VM operation: HandshakeAllThreads (Deoptimize) done
Event: 18.033 Executing VM operation: HandshakeAllThreads (Deoptimize)
Event: 18.033 Executing VM operation: HandshakeAllThreads (Deoptimize) done
Event: 18.060 Executing VM operation: ICBufferFull
Event: 18.060 Executing VM operation: ICBufferFull done
Event: 18.084 Executing VM operation: HandshakeAllThreads (Deoptimize)
Event: 18.084 Executing VM operation: HandshakeAllThreads (Deoptimize) done
Event: 19.092 Executing VM operation: Cleanup

Memory protections (0 events):
No events

Nmethod flushes (20 events):
Event: 17.468 Thread 0x000001b26af3eac0 flushing  nmethod 0x000001b271457610
Event: 17.468 Thread 0x000001b26af3eac0 flushing  nmethod 0x000001b271458110
Event: 17.468 Thread 0x000001b26af3eac0 flushing  nmethod 0x000001b2714ed790
Event: 17.468 Thread 0x000001b26af3eac0 flushing  nmethod 0x000001b2715c9e90
Event: 17.468 Thread 0x000001b26af3eac0 flushing  nmethod 0x000001b27180cd10
Event: 17.468 Thread 0x000001b26af3eac0 flushing  nmethod 0x000001b27180da10
Event: 17.468 Thread 0x000001b26af3eac0 flushing  nmethod 0x000001b271812e10
Event: 17.468 Thread 0x000001b26af3eac0 flushing  nmethod 0x000001b2718b2610
Event: 17.468 Thread 0x000001b26af3eac0 flushing  nmethod 0x000001b2718b2b10
Event: 17.468 Thread 0x000001b26af3eac0 flushing  nmethod 0x000001b271a6f510
Event: 17.468 Thread 0x000001b26af3eac0 flushing  nmethod 0x000001b271c1b610
Event: 17.468 Thread 0x000001b26af3eac0 flushing  nmethod 0x000001b271c1c690
Event: 17.468 Thread 0x000001b26af3eac0 flushing  nmethod 0x000001b271c1df90
Event: 17.468 Thread 0x000001b26af3eac0 flushing  nmethod 0x000001b271c8ed10
Event: 17.468 Thread 0x000001b26af3eac0 flushing  nmethod 0x000001b271c8f410
Event: 17.468 Thread 0x000001b26af3eac0 flushing  nmethod 0x000001b271c90890
Event: 17.468 Thread 0x000001b26af3eac0 flushing  nmethod 0x000001b271c91710
Event: 17.468 Thread 0x000001b26af3eac0 flushing  nmethod 0x000001b271c91c90
Event: 17.468 Thread 0x000001b26af3eac0 flushing  nmethod 0x000001b271c92690
Event: 17.468 Thread 0x000001b26af3eac0 flushing  nmethod 0x000001b271ca2610

Events (20 events):
Event: 15.360 Thread 0x000001b20bb60fa0 Thread added: 0x000001b2118192e0
Event: 15.360 Thread 0x000001b20bb60fa0 Thread added: 0x000001b21181cdf0
Event: 15.360 Thread 0x000001b20bb60fa0 Thread added: 0x000001b21181a000
Event: 15.361 Thread 0x000001b20bb60fa0 Thread added: 0x000001b211819970
Event: 15.361 Thread 0x000001b20bb60fa0 Thread added: 0x000001b211820900
Event: 15.361 Thread 0x000001b20bb60fa0 Thread added: 0x000001b21181e830
Event: 15.361 Thread 0x000001b20bb60fa0 Thread added: 0x000001b21181f550
Event: 15.361 Thread 0x000001b20bb60fa0 Thread added: 0x000001b21181fbe0
Event: 15.361 Thread 0x000001b20bb60fa0 Thread added: 0x000001b211820270
Event: 15.362 Thread 0x000001b20bb60fa0 Thread added: 0x000001b21181d480
Event: 16.575 Thread 0x000001b20bb60fa0 Thread added: 0x000001b2167f1530
Event: 16.576 Thread 0x000001b20bb60fa0 Thread added: 0x000001b2167ee740
Event: 16.577 Thread 0x000001b20bb60fa0 Thread added: 0x000001b2167eedd0
Event: 16.578 Thread 0x000001b20bb60fa0 Thread added: 0x000001b2167f28e0
Event: 16.579 Thread 0x000001b20bb60fa0 Thread added: 0x000001b2167f1bc0
Event: 16.579 Thread 0x000001b20bb60fa0 Thread added: 0x000001b2167efaf0
Event: 16.587 Thread 0x000001b20bb60fa0 Thread added: 0x000001b2167f2250
Event: 16.588 Thread 0x000001b20bb60fa0 Thread added: 0x000001b2167ef460
Event: 16.589 Thread 0x000001b20bb60fa0 Thread added: 0x000001b2167f3600
Event: 16.590 Thread 0x000001b20bb60fa0 Thread added: 0x000001b2167f2f70


Dynamic libraries:
0x00007ff655420000 - 0x00007ff65542a000 	C:\Program Files\Android\Android Studio\jbr\bin\java.exe
0x00007ff81b6c0000 - 0x00007ff81b927000 	C:\WINDOWS\SYSTEM32\ntdll.dll
0x00007ff81a250000 - 0x00007ff81a319000 	C:\WINDOWS\System32\KERNEL32.DLL
0x00007ff818c60000 - 0x00007ff81904f000 	C:\WINDOWS\System32\KERNELBASE.dll
0x00007ff819310000 - 0x00007ff81945b000 	C:\WINDOWS\System32\ucrtbase.dll
0x00007ff8123f0000 - 0x00007ff812408000 	C:\Program Files\Android\Android Studio\jbr\bin\jli.dll
0x00007ff80ec10000 - 0x00007ff80ec2b000 	C:\Program Files\Android\Android Studio\jbr\bin\VCRUNTIME140.dll
0x00007ff819f60000 - 0x00007ff81a125000 	C:\WINDOWS\System32\USER32.dll
0x00007ff808700000 - 0x00007ff808993000 	C:\WINDOWS\WinSxS\amd64_microsoft.windows.common-controls_6595b64144ccf1df_6.0.26100.7309_none_3e05feeae336a044\COMCTL32.dll
0x00007ff818810000 - 0x00007ff818837000 	C:\WINDOWS\System32\win32u.dll
0x00007ff81b5d0000 - 0x00007ff81b679000 	C:\WINDOWS\System32\msvcrt.dll
0x00007ff8194b0000 - 0x00007ff8194db000 	C:\WINDOWS\System32\GDI32.dll
0x00007ff818b30000 - 0x00007ff818c5c000 	C:\WINDOWS\System32\gdi32full.dll
0x00007ff819110000 - 0x00007ff8191b3000 	C:\WINDOWS\System32\msvcp_win.dll
0x00007ff81aea0000 - 0x00007ff81aed1000 	C:\WINDOWS\System32\IMM32.DLL
0x00007ff8130a0000 - 0x00007ff8130ac000 	C:\Program Files\Android\Android Studio\jbr\bin\vcruntime140_1.dll
0x00007ffffe260000 - 0x00007ffffe2ed000 	C:\Program Files\Android\Android Studio\jbr\bin\msvcp140.dll
0x00007fffc63e0000 - 0x00007fffc706e000 	C:\Program Files\Android\Android Studio\jbr\bin\server\jvm.dll
0x00007ff81aa30000 - 0x00007ff81aae4000 	C:\WINDOWS\System32\ADVAPI32.dll
0x00007ff81ad40000 - 0x00007ff81ade6000 	C:\WINDOWS\System32\sechost.dll
0x00007ff81a130000 - 0x00007ff81a248000 	C:\WINDOWS\System32\RPCRT4.dll
0x00007ff81aaf0000 - 0x00007ff81ab64000 	C:\WINDOWS\System32\WS2_32.dll
0x00007ff818670000 - 0x00007ff8186ce000 	C:\WINDOWS\SYSTEM32\POWRPROF.dll
0x00007ff811c10000 - 0x00007ff811c45000 	C:\WINDOWS\SYSTEM32\WINMM.dll
0x00007ff8123b0000 - 0x00007ff8123bb000 	C:\WINDOWS\SYSTEM32\VERSION.dll
0x00007ff818650000 - 0x00007ff818664000 	C:\WINDOWS\SYSTEM32\UMPDC.dll
0x00007ff817580000 - 0x00007ff81759b000 	C:\WINDOWS\SYSTEM32\kernel.appcore.dll
0x00007ff811be0000 - 0x00007ff811bea000 	C:\Program Files\Android\Android Studio\jbr\bin\jimage.dll
0x00007ff80edc0000 - 0x00007ff80f002000 	C:\WINDOWS\SYSTEM32\DBGHELP.DLL
0x00007ff81aee0000 - 0x00007ff81b266000 	C:\WINDOWS\System32\combase.dll
0x00007ff81a950000 - 0x00007ff81aa26000 	C:\WINDOWS\System32\OLEAUT32.dll
0x00007ff808210000 - 0x00007ff80824c000 	C:\WINDOWS\SYSTEM32\dbgcore.DLL
0x00007ff819060000 - 0x00007ff819105000 	C:\WINDOWS\System32\bcryptPrimitives.dll
0x00007ff813880000 - 0x00007ff81388e000 	C:\Program Files\Android\Android Studio\jbr\bin\instrument.dll
0x00007ff80daa0000 - 0x00007ff80dac0000 	C:\Program Files\Android\Android Studio\jbr\bin\java.dll
0x00007ff803b40000 - 0x00007ff803b58000 	C:\Program Files\Android\Android Studio\jbr\bin\zip.dll
0x00007ff819800000 - 0x00007ff819f53000 	C:\WINDOWS\System32\SHELL32.dll
0x00007ff8189c0000 - 0x00007ff818b2a000 	C:\WINDOWS\System32\wintypes.dll
0x00007ff8163f0000 - 0x00007ff816c4e000 	C:\WINDOWS\SYSTEM32\windows.storage.dll
0x00007ff81ac40000 - 0x00007ff81ad35000 	C:\WINDOWS\System32\SHCORE.dll
0x00007ff819790000 - 0x00007ff8197f6000 	C:\WINDOWS\System32\shlwapi.dll
0x00007ff818730000 - 0x00007ff818759000 	C:\WINDOWS\SYSTEM32\profapi.dll
0x00007ff80ebc0000 - 0x00007ff80ebd0000 	C:\Program Files\Android\Android Studio\jbr\bin\net.dll
0x00007ff812250000 - 0x00007ff812378000 	C:\WINDOWS\SYSTEM32\WINHTTP.dll
0x00007ff817ad0000 - 0x00007ff817b3b000 	C:\WINDOWS\system32\mswsock.dll
0x00007ff802510000 - 0x00007ff802526000 	C:\Program Files\Android\Android Studio\jbr\bin\nio.dll
0x00007ff80db30000 - 0x00007ff80db40000 	C:\Program Files\Android\Android Studio\jbr\bin\verify.dll
0x00007ff80ebd0000 - 0x00007ff80ebf7000 	C:\Users\Usuario\.gradle\native\1def1411415f61bf3af743bc5b6707747c0891f09f0c88961ee8f79bc544acac\windows-amd64\native-platform.dll
0x00007ff800490000 - 0x00007ff800508000 	C:\Users\Usuario\.gradle\native\0.2.7\x86_64-windows-gnu\gradle-fileevents.dll
0x00007ff8008e0000 - 0x00007ff8008e9000 	C:\Program Files\Android\Android Studio\jbr\bin\management.dll
0x00007ff800740000 - 0x00007ff80074b000 	C:\Program Files\Android\Android Studio\jbr\bin\management_ext.dll
0x00007ff8194e0000 - 0x00007ff8194e8000 	C:\WINDOWS\System32\PSAPI.DLL
0x00007ff816f70000 - 0x00007ff816fa4000 	C:\WINDOWS\SYSTEM32\IPHLPAPI.DLL
0x00007ff81a7d0000 - 0x00007ff81a7da000 	C:\WINDOWS\System32\NSI.dll
0x00007ff800930000 - 0x00007ff800939000 	C:\Program Files\Android\Android Studio\jbr\bin\extnet.dll
0x00007ff817ec0000 - 0x00007ff817edb000 	C:\WINDOWS\SYSTEM32\CRYPTSP.dll
0x00007ff8174e0000 - 0x00007ff81751a000 	C:\WINDOWS\system32\rsaenh.dll
0x00007ff817b80000 - 0x00007ff817bab000 	C:\WINDOWS\SYSTEM32\USERENV.dll
0x00007ff818700000 - 0x00007ff81872a000 	C:\WINDOWS\SYSTEM32\bcrypt.dll
0x00007ff817d20000 - 0x00007ff817d2c000 	C:\WINDOWS\SYSTEM32\CRYPTBASE.dll
0x00007ff80c5c0000 - 0x00007ff80c5c8000 	C:\WINDOWS\system32\wshunix.dll

dbghelp: loaded successfully - version: 4.0.5 - missing functions: none
symbol engine: initialized successfully - sym options: 0x614 - pdb path: .;C:\Program Files\Android\Android Studio\jbr\bin;C:\WINDOWS\SYSTEM32;C:\WINDOWS\WinSxS\amd64_microsoft.windows.common-controls_6595b64144ccf1df_6.0.26100.7309_none_3e05feeae336a044;C:\Program Files\Android\Android Studio\jbr\bin\server;C:\Users\Usuario\.gradle\native\1def1411415f61bf3af743bc5b6707747c0891f09f0c88961ee8f79bc544acac\windows-amd64;C:\Users\Usuario\.gradle\native\0.2.7\x86_64-windows-gnu

VM Arguments:
jvm_args: --add-opens=java.base/java.lang=ALL-UNNAMED --add-opens=java.base/java.lang.invoke=ALL-UNNAMED --add-opens=java.base/java.util=ALL-UNNAMED --add-opens=java.prefs/java.util.prefs=ALL-UNNAMED --add-exports=jdk.compiler/com.sun.tools.javac.api=ALL-UNNAMED --add-exports=jdk.compiler/com.sun.tools.javac.util=ALL-UNNAMED --add-opens=java.base/java.util=ALL-UNNAMED --add-opens=java.prefs/java.util.prefs=ALL-UNNAMED --add-opens=java.base/java.nio.charset=ALL-UNNAMED --add-opens=java.base/java.net=ALL-UNNAMED --add-opens=java.base/java.util.concurrent.atomic=ALL-UNNAMED --add-opens=java.xml/javax.xml.namespace=ALL-UNNAMED -Xmx2048m -Dfile.encoding=UTF-8 -Duser.country=ES -Duser.language=es -Duser.variant -javaagent:C:\Users\Usuario\.gradle\wrapper\dists\gradle-8.13-bin\5xuhj0ry160q40clulazy9h7d\gradle-8.13\lib\agents\gradle-instrumentation-agent-8.13.jar 
java_command: org.gradle.launcher.daemon.bootstrap.GradleDaemon 8.13
java_class_path (initial): C:\Users\Usuario\.gradle\wrapper\dists\gradle-8.13-bin\5xuhj0ry160q40clulazy9h7d\gradle-8.13\lib\gradle-daemon-main-8.13.jar
Launcher Type: SUN_STANDARD

[Global flags]
     intx CICompilerCount                          = 4                                         {product} {ergonomic}
     uint ConcGCThreads                            = 3                                         {product} {ergonomic}
     uint G1ConcRefinementThreads                  = 10                                        {product} {ergonomic}
   size_t G1HeapRegionSize                         = 1048576                                   {product} {ergonomic}
    uintx GCDrainStackTargetSize                   = 64                                        {product} {ergonomic}
   size_t InitialHeapSize                          = 234881024                                 {product} {ergonomic}
   size_t MarkStackSize                            = 4194304                                   {product} {ergonomic}
   size_t MaxHeapSize                              = 2147483648                                {product} {command line}
   size_t MaxNewSize                               = 1287651328                                {product} {ergonomic}
   size_t MinHeapDeltaBytes                        = 1048576                                   {product} {ergonomic}
   size_t MinHeapSize                              = 8388608                                   {product} {ergonomic}
    uintx NonNMethodCodeHeapSize                   = 5839372                                {pd product} {ergonomic}
    uintx NonProfiledCodeHeapSize                  = 122909434                              {pd product} {ergonomic}
    uintx ProfiledCodeHeapSize                     = 122909434                              {pd product} {ergonomic}
    uintx ReservedCodeCacheSize                    = 251658240                              {pd product} {ergonomic}
     bool SegmentedCodeCache                       = true                                      {product} {ergonomic}
   size_t SoftMaxHeapSize                          = 2147483648                             {manageable} {ergonomic}
     bool UseCompressedOops                        = true                           {product lp64_product} {ergonomic}
     bool UseG1GC                                  = true                                      {product} {ergonomic}
     bool UseLargePagesIndividualAllocation        = false                                  {pd product} {ergonomic}

Logging:
Log output configuration:
 #0: stdout all=warning uptime,level,tags foldmultilines=false
 #1: stderr all=off uptime,level,tags foldmultilines=false

Environment Variables:
PATH=C:\Program Files\Common Files\Oracle\Java\javapath;C:\Program Files (x86)\Common Files\Oracle\Java\javapath;C:\WINDOWS\system32;C:\WINDOWS;C:\WINDOWS\System32\Wbem;C:\WINDOWS\System32\WindowsPowerShell\v1.0\;C:\WINDOWS\System32\OpenSSH\;C:\Program Files\Git\cmd;C:\Program Files\nodejs\;C:\Users\Usuario\AppData\Local\Programs\Python\Python313\Scripts\;C:\Users\Usuario\AppData\Local\Programs\Python\Python313\;C:\Users\Usuario\AppData\Local\Microsoft\WindowsApps;C:\Program Files\JetBrains\IntelliJ IDEA Community Edition 2025.2.1\bin;C:\Users\Usuario\AppData\Roaming\npm;C:\Program Files\JetBrains\WebStorm 2025.2.3\bin;C:\Users\Usuario\AppData\Local\JetBrains\Toolbox\scripts;C:\Program Files\JetBrains\WebStorm 2025.2.4\bin;C:\Program Files\JetBrains\PyCharm 2025.2.1.1\bin
USERNAME=Usuario
OS=Windows_NT
PROCESSOR_IDENTIFIER=AMD64 Family 23 Model 96 Stepping 1, AuthenticAMD
TMP=C:\Users\Usuario\AppData\Local\Temp
TEMP=C:\Users\Usuario\AppData\Local\Temp




Periodic native trim disabled

JNI global refs:
JNI global refs: 30, weak refs: 0

JNI global refs memory usage: 835, weak refs: 833

Process memory usage:
Resident Set Size: 642044K (4% of 14570588K total physical memory with 3545084K free physical memory)

OOME stack traces (most recent first):
Classloader memory used:
Loader org.gradle.internal.classloader.VisitableURLClassLoader$InstrumentingVisitableURLClassLoader: 47773K
Loader org.gradle.internal.classloader.VisitableURLClassLoader                         : 44435K
Loader bootstrap                                                                       : 29634K
Loader org.gradle.initialization.MixInLegacyTypesClassLoader                           : 13465K
Loader jdk.internal.loader.ClassLoaders$AppClassLoader                                 : 8355K
Loader jdk.internal.loader.ClassLoaders$PlatformClassLoader                            : 756K
Loader jdk.internal.reflect.DelegatingClassLoader                                      : 454K
Loader jdk.internal.jrtfs.JrtFileSystemProvider$JrtFsLoader                            : 295K
Loader org.gradle.internal.classloader.VisitableURLClassLoader                         : 195K
Loader org.gradle.groovy.scripts.internal.DefaultScriptCompilationHandler$ScriptClassLoader: 134K
Loader org.codehaus.groovy.runtime.callsite.CallSiteClassLoader                        : 27352B

Classes loaded by more than one classloader:
Class Program                                                                         : loaded 5 times (x 70B)
Class Build_gradle                                                                    : loaded 3 times (x 128B)
Class Build_gradle$1                                                                  : loaded 3 times (x 72B)
Class org.gradle.internal.classloader.FilteringClassLoader                            : loaded 2 times (x 103B)
Class jdk.internal.jimage.BasicImageReader                                            : loaded 2 times (x 93B)
Class [Lcom.google.common.collect.MapMakerInternalMap$Segment;                        : loaded 2 times (x 67B)
Class com.google.common.io.FileWriteMode                                              : loaded 2 times (x 77B)
Class [Lcom.google.common.base.AbstractIterator$State;                                : loaded 2 times (x 67B)
Class com.google.common.base.CharMatcher$IsEither                                     : loaded 2 times (x 109B)
Class org.gradle.internal.classloader.ClassLoaderHierarchy                            : loaded 2 times (x 68B)
Class com.google.common.collect.AbstractMapBasedMultimap$WrappedCollection            : loaded 2 times (x 122B)
Class com.google.common.collect.ImmutableEnumSet                                      : loaded 2 times (x 144B)
Class com.google.common.util.concurrent.ExecutionError                                : loaded 2 times (x 80B)
Class com.google.common.collect.ImmutableList$1                                       : loaded 2 times (x 95B)
Class org.gradle.api.internal.classpath.ManifestUtil                                  : loaded 2 times (x 69B)
Class com.google.common.io.ByteArrayDataOutput                                        : loaded 2 times (x 68B)
Class com.google.common.collect.RegularImmutableMap                                   : loaded 2 times (x 119B)
Class com.google.common.collect.ImmutableMap$MapViewOfValuesAsSingletonSets           : loaded 2 times (x 124B)
Class ijJvmDebugger1_9w445r5q55l8yq01b0c83qj5g$_run_closure1$_closure2                : loaded 2 times (x 138B)
Class com.google.common.collect.TransformedListIterator                               : loaded 2 times (x 91B)
Class [Lorg.objectweb.asm.Symbol;                                                     : loaded 2 times (x 67B)
Class org.objectweb.asm.ClassVisitor                                                  : loaded 2 times (x 86B)
Class com.google.common.collect.UnmodifiableListIterator                              : loaded 2 times (x 93B)
Class com.google.common.collect.MapMakerInternalMap$StrongKeyDummyValueEntry$LinkedStrongKeyDummyValueEntry: loaded 2 times (x 80B)
Class com.google.common.collect.MapMakerInternalMap$Strength                          : loaded 2 times (x 78B)
Class com.google.common.base.Platform$JdkPatternCompiler                              : loaded 2 times (x 73B)
Class org.objectweb.asm.MethodTooLargeException                                       : loaded 2 times (x 81B)
Class [Lcom.google.common.cache.CacheBuilder$OneWeigher;                              : loaded 2 times (x 67B)
Class com.google.common.base.Suppliers                                                : loaded 2 times (x 69B)
Class org.gradle.internal.classloader.DefaultClassLoaderFactory                       : loaded 2 times (x 80B)
Class [Lcom.google.common.collect.AbstractIterator$State;                             : loaded 2 times (x 67B)
Class com.google.common.base.CharMatcher$None                                         : loaded 2 times (x 110B)
Class org.gradle.internal.classloader.ClassLoaderVisitor                              : loaded 2 times (x 74B)
Class [Lcom.google.common.collect.ImmutableMapEntry;                                  : loaded 2 times (x 67B)
Class org.gradle.api.internal.classpath.EffectiveClassPath                            : loaded 2 times (x 88B)
Class com.google.common.collect.ImmutableRangeSet                                     : loaded 2 times (x 113B)
Class com.google.common.collect.ListMultimap                                          : loaded 2 times (x 68B)
Class com.google.common.collect.ImmutableEnumMap                                      : loaded 2 times (x 124B)
Class com.google.common.collect.Iterators$EmptyModifiableIterator                     : loaded 2 times (x 84B)
Class com.google.common.base.Splitter                                                 : loaded 2 times (x 70B)
Class com.google.common.collect.Sets$1                                                : loaded 2 times (x 137B)
Class org.objectweb.asm.AnnotationVisitor                                             : loaded 2 times (x 76B)
Class org.gradle.api.internal.DefaultClassPathProvider                                : loaded 2 times (x 74B)
Class com.google.common.collect.MapMakerInternalMap$Strength$1                        : loaded 2 times (x 78B)
Class com.google.common.collect.Maps$ViewCachingAbstractMap                           : loaded 2 times (x 123B)
Class com.google.common.collect.Sets$2                                                : loaded 2 times (x 137B)
Class [Lorg.gradle.api.internal.ClassPathProvider;                                    : loaded 2 times (x 67B)
Class org.gradle.api.internal.ClassPathProvider                                       : loaded 2 times (x 68B)
Class jdk.internal.jrtfs.SystemImage                                                  : loaded 2 times (x 72B)
Class com.google.common.collect.MapMakerInternalMap$Strength$2                        : loaded 2 times (x 78B)
Class com.google.common.base.AbstractIterator$State                                   : loaded 2 times (x 77B)
Class [Lorg.objectweb.asm.AnnotationVisitor;                                          : loaded 2 times (x 67B)
Class com.google.common.collect.Sets$3                                                : loaded 2 times (x 137B)
Class com.google.common.util.concurrent.AbstractFuture$SafeAtomicHelper               : loaded 2 times (x 77B)
Class com.google.common.cache.LocalCache$LocalLoadingCache                            : loaded 2 times (x 132B)
Class org.gradle.internal.service.UnknownServiceException                             : loaded 2 times (x 81B)
Class com.google.common.io.ByteArrayDataInput                                         : loaded 2 times (x 68B)
Class com.google.common.collect.MapMakerInternalMap$StrongValueEntry                  : loaded 2 times (x 68B)
Class com.google.common.collect.Sets$4                                                : loaded 2 times (x 137B)
Class org.objectweb.asm.ModuleVisitor                                                 : loaded 2 times (x 79B)
Class com.google.common.cache.LocalCache$Strength$1                                   : loaded 2 times (x 79B)
Class com.google.common.util.concurrent.SettableFuture                                : loaded 2 times (x 112B)
Class com.google.common.cache.LocalCache$Strength$2                                   : loaded 2 times (x 79B)
Class com.google.common.io.ByteStreams                                                : loaded 2 times (x 69B)
Class com.google.common.collect.Interners$InternerImpl                                : loaded 2 times (x 73B)
Class com.google.common.collect.Interner                                              : loaded 2 times (x 68B)
Class com.google.common.collect.TransformedIterator                                   : loaded 2 times (x 78B)
Class com.google.common.base.Splitter$1                                               : loaded 2 times (x 75B)
Class com.google.common.cache.LocalCache$Strength$3                                   : loaded 2 times (x 79B)
Class com.google.common.collect.MapDifference                                         : loaded 2 times (x 68B)
Class com.google.common.collect.MapMaker$Dummy                                        : loaded 2 times (x 77B)
Class org.objectweb.asm.FieldWriter                                                   : loaded 2 times (x 76B)
Class com.google.common.cache.CacheBuilder$NullListener                               : loaded 2 times (x 80B)
Class org.gradle.internal.classpath.TransformedClassPath                              : loaded 2 times (x 94B)
Class org.gradle.internal.classloader.InstrumentingClassLoader                        : loaded 2 times (x 68B)
Class jdk.internal.jrtfs.SystemImage$1                                                : loaded 2 times (x 76B)
Class com.google.common.collect.ImmutableRangeSet$AsSet                               : loaded 2 times (x 298B)
Class com.google.common.cache.CacheLoader$FunctionToCacheLoader                       : loaded 2 times (x 73B)
Class com.google.common.collect.Iterators$ArrayItr                                    : loaded 2 times (x 95B)
Class com.google.common.collect.ImmutableCollection$Builder                           : loaded 2 times (x 74B)
Class jdk.internal.jrtfs.SystemImage$2                                                : loaded 2 times (x 74B)
Class com.google.common.base.Joiner                                                   : loaded 2 times (x 77B)
Class com.google.common.base.MoreObjects                                              : loaded 2 times (x 69B)
Class com.google.common.collect.Platform                                              : loaded 2 times (x 69B)
Class [Lorg.objectweb.asm.Type;                                                       : loaded 2 times (x 67B)
Class com.google.common.collect.UnmodifiableIterator                                  : loaded 2 times (x 78B)
Class org.gradle.internal.service.ServiceLocator                                      : loaded 2 times (x 68B)
Class jdk.internal.jrtfs.JrtFileSystemProvider                                        : loaded 2 times (x 99B)
Class com.google.common.base.Ascii                                                    : loaded 2 times (x 69B)
Class com.google.common.collect.SingletonImmutableBiMap                               : loaded 2 times (x 141B)
Class com.google.common.cache.LocalCache$1                                            : loaded 2 times (x 87B)
Class com.google.common.collect.AbstractMapEntry                                      : loaded 2 times (x 79B)
Class com.google.common.collect.MapMakerInternalMap$AbstractStrongKeyEntry            : loaded 2 times (x 78B)
Class com.google.common.collect.Sets$ImprovedAbstractSet                              : loaded 2 times (x 133B)
Class com.google.common.collect.ImmutableList$Builder                                 : loaded 2 times (x 75B)
Class com.google.common.collect.AbstractMultimap                                      : loaded 2 times (x 121B)
Class com.google.common.cache.LocalCache$2                                            : loaded 2 times (x 140B)
Class com.google.common.collect.ImmutableRangeSet$1                                   : loaded 2 times (x 208B)
Class com.google.common.util.concurrent.AbstractFuture$UnsafeAtomicHelper$1           : loaded 2 times (x 74B)
Class com.google.common.collect.RegularImmutableAsList                                : loaded 2 times (x 215B)
Class com.google.common.base.Optional                                                 : loaded 2 times (x 78B)
Class com.google.common.collect.Range                                                 : loaded 2 times (x 85B)
Class com.google.common.util.concurrent.AbstractFuture$Trusted                        : loaded 2 times (x 68B)
Class com.google.common.collect.Iterators                                             : loaded 2 times (x 69B)
Class jdk.internal.jrtfs.JrtDirectoryStream$1                                         : loaded 2 times (x 81B)
Class jdk.internal.jimage.ImageLocation                                               : loaded 2 times (x 88B)
Class com.google.common.io.ByteSink$AsCharSink                                        : loaded 2 times (x 78B)
Class com.google.common.collect.Lists$StringAsImmutableList                           : loaded 2 times (x 205B)
Class com.google.common.util.concurrent.UncheckedExecutionException                   : loaded 2 times (x 80B)
Class org.gradle.kotlin.dsl.VersionCatalogAccessorsKt                                 : loaded 2 times (x 69B)
Class ijKotlinCoroutineJvmDebugInit1_b02cyuutr0hensq9qug3td681$_run_closure1          : loaded 2 times (x 137B)
Class org.gradle.internal.InternalTransformer                                         : loaded 2 times (x 68B)
Class jdk.internal.jimage.ImageBufferCache$1                                          : loaded 2 times (x 81B)
Class com.google.common.collect.AbstractMapBasedMultimap$KeySet$1                     : loaded 2 times (x 80B)
Class org.objectweb.asm.ClassWriter                                                   : loaded 2 times (x 104B)
Class com.google.common.cache.CacheLoader$UnsupportedLoadingOperationException        : loaded 2 times (x 80B)
Class com.google.common.base.CharMatcher$And                                          : loaded 2 times (x 110B)
Class org.gradle.internal.classloader.ClasspathUtil$1                                 : loaded 2 times (x 74B)
Class jdk.internal.jimage.ImageBufferCache$2                                          : loaded 2 times (x 89B)
Class com.google.common.collect.FluentIterable$1                                      : loaded 2 times (x 79B)
Class com.google.common.base.Objects                                                  : loaded 2 times (x 69B)
Class org.objectweb.asm.FieldVisitor                                                  : loaded 2 times (x 75B)
Class com.google.common.collect.IndexedImmutableSet                                   : loaded 2 times (x 150B)
Class com.google.common.collect.ImmutableMap$1                                        : loaded 2 times (x 79B)
Class com.google.common.collect.BiMap                                                 : loaded 2 times (x 68B)
Class org.gradle.api.internal.classpath.DefaultModuleRegistry$DefaultModule           : loaded 2 times (x 84B)
Class com.google.common.collect.RegularImmutableMap$KeySet                            : loaded 2 times (x 150B)
Class com.google.common.collect.FluentIterable$2                                      : loaded 2 times (x 79B)
Class com.google.common.primitives.Ints                                               : loaded 2 times (x 69B)
Class com.google.common.collect.AbstractIterator                                      : loaded 2 times (x 80B)
Class com.google.common.collect.FluentIterable$3                                      : loaded 2 times (x 79B)
Class com.google.common.collect.ObjectArrays                                          : loaded 2 times (x 69B)
Class com.google.common.collect.Multiset                                              : loaded 2 times (x 68B)
Class com.google.common.collect.ArrayListMultimapGwtSerializationDependencies         : loaded 2 times (x 170B)
Class com.google.common.collect.AbstractIndexedListIterator                           : loaded 2 times (x 94B)
Class com.google.common.math.MathPreconditions                                        : loaded 2 times (x 69B)
Class com.google.common.collect.ImmutableMapEntrySet                                  : loaded 2 times (x 150B)
Class org.gradle.api.internal.classpath.Module                                        : loaded 2 times (x 68B)
Class com.google.common.cache.Weigher                                                 : loaded 2 times (x 68B)
Class org.gradle.api.internal.classpath.UnknownModuleException                        : loaded 2 times (x 80B)
Class jdk.internal.jimage.ImageHeader                                                 : loaded 2 times (x 69B)
Class com.google.common.base.Stopwatch                                                : loaded 2 times (x 70B)
Class com.google.common.cache.LocalCache$Strength                                     : loaded 2 times (x 79B)
Class com.google.common.cache.Cache                                                   : loaded 2 times (x 68B)
Class com.google.common.io.Files$2                                                    : loaded 2 times (x 74B)
Class com.google.common.base.NullnessCasts                                            : loaded 2 times (x 69B)
Class com.google.common.util.concurrent.AbstractFuture$Cancellation                   : loaded 2 times (x 70B)
Class com.google.common.collect.ImmutableMap$Builder                                  : loaded 2 times (x 80B)
Class com.google.common.base.Present                                                  : loaded 2 times (x 79B)
Class com.google.common.collect.AbstractMapBasedMultimap$WrappedCollection$WrappedIterator: loaded 2 times (x 82B)
Class com.google.common.cache.RemovalListener                                         : loaded 2 times (x 68B)
Class org.gradle.api.internal.DefaultClassPathRegistry                                : loaded 2 times (x 74B)
Class com.google.common.primitives.IntsMethodsForWeb                                  : loaded 2 times (x 69B)
Class com.google.common.collect.Multimap                                              : loaded 2 times (x 68B)
Class org.gradle.api.internal.ClassPathRegistry                                       : loaded 2 times (x 68B)
Class org.gradle.internal.classpath.DefaultClassPath$ImmutableUniqueList              : loaded 2 times (x 197B)
Class com.google.common.collect.NullnessCasts                                         : loaded 2 times (x 69B)
Class com.google.common.collect.MapMakerInternalMap$Segment                           : loaded 2 times (x 140B)
Class com.google.common.base.ExtraObjectsMethodsForWeb                                : loaded 2 times (x 69B)
Class com.google.common.base.Equivalence$Identity                                     : loaded 2 times (x 80B)
Class com.google.common.io.ByteSink                                                   : loaded 2 times (x 74B)
Class com.google.common.cache.CacheBuilder                                            : loaded 2 times (x 70B)
Class com.google.common.collect.SingletonImmutableList                                : loaded 2 times (x 205B)
Class Settings_gradle$1                                                               : loaded 2 times (x 72B)
Class org.gradle.internal.classpath.ClassPath                                         : loaded 2 times (x 68B)
Class org.gradle.api.UncheckedIOException                                             : loaded 2 times (x 80B)
Class com.google.common.collect.Interners$InternerBuilder                             : loaded 2 times (x 74B)
Class com.google.common.io.Files$FileByteSource                                       : loaded 2 times (x 83B)
Class com.google.common.base.JdkPattern                                               : loaded 2 times (x 73B)
Class com.google.common.collect.ImmutableList$ReverseImmutableList                    : loaded 2 times (x 207B)
Class org.objectweb.asm.SymbolTable$Entry                                             : loaded 2 times (x 72B)
Class com.google.common.util.concurrent.AbstractFuture$AtomicHelper                   : loaded 2 times (x 76B)
Class jdk.internal.jimage.ImageStringsReader                                          : loaded 2 times (x 78B)
Class org.objectweb.asm.Edge                                                          : loaded 2 times (x 70B)
Class com.google.common.base.Suppliers$SupplierOfInstance                             : loaded 2 times (x 77B)
Class com.google.common.collect.Iterators$1                                           : loaded 2 times (x 79B)
Class com.google.common.cache.LocalCache$ComputingValueReference                      : loaded 2 times (x 94B)
Class com.google.common.collect.SingletonImmutableSet                                 : loaded 2 times (x 144B)
Class com.google.common.collect.ImmutableMap$IteratorBasedImmutableMap                : loaded 2 times (x 124B)
Class jdk.internal.jimage.ImageReader                                                 : loaded 2 times (x 73B)
Class com.google.common.cache.LocalCache$Segment                                      : loaded 2 times (x 152B)
Class jdk.internal.jimage.ImageReader$SharedImageReader                               : loaded 2 times (x 93B)
Class com.google.common.collect.SortedIterable                                        : loaded 2 times (x 68B)
Class com.google.common.collect.AbstractListMultimap                                  : loaded 2 times (x 170B)
Class [Lorg.objectweb.asm.SymbolTable$Entry;                                          : loaded 2 times (x 67B)
Class com.google.common.cache.CacheLoader                                             : loaded 2 times (x 72B)
Class com.google.common.collect.Iterators$4                                           : loaded 2 times (x 80B)
Class com.google.common.collect.ImmutableBiMap                                        : loaded 2 times (x 141B)
Class org.gradle.internal.installation.GradleInstallation$1                           : loaded 2 times (x 73B)
Class org.gradle.api.internal.classpath.ModuleRegistry                                : loaded 2 times (x 68B)
Class com.google.common.base.Splitter$SplittingIterator                               : loaded 2 times (x 82B)
Class com.google.common.util.concurrent.internal.InternalFutureFailureAccess          : loaded 2 times (x 70B)
Class com.google.common.collect.Iterators$5                                           : loaded 2 times (x 80B)
Class com.google.common.collect.ImmutableSet$JdkBackedSetBuilderImpl                  : loaded 2 times (x 74B)
Class com.google.common.util.concurrent.AbstractFuture$UnsafeAtomicHelper             : loaded 2 times (x 76B)
Class com.google.common.cache.LocalCache$LocalManualCache$1                           : loaded 2 times (x 73B)
Class com.google.common.base.CharMatcher$ForPredicate                                 : loaded 2 times (x 110B)
Class jdk.internal.jimage.ImageReader$Node                                            : loaded 2 times (x 82B)
Class com.google.common.base.CharMatcher$AnyOf                                        : loaded 2 times (x 110B)
Class com.google.common.collect.ImmutableCollection                                   : loaded 2 times (x 123B)
Class ijJvmDebugger1_9w445r5q55l8yq01b0c83qj5g$_run_closure1                          : loaded 2 times (x 137B)
Class org.gradle.api.internal.classpath.DefaultModuleRegistry                         : loaded 2 times (x 84B)
Class jdk.internal.jimage.BasicImageReader$1                                          : loaded 2 times (x 75B)
Class com.google.common.collect.Lists                                                 : loaded 2 times (x 69B)
Class com.google.common.util.concurrent.ListenableFuture                              : loaded 2 times (x 68B)
Class com.google.common.cache.ReferenceEntry                                          : loaded 2 times (x 68B)
Class com.google.common.base.Converter                                                : loaded 2 times (x 88B)
Class com.google.common.collect.ImmutableSet$CachingAsList                            : loaded 2 times (x 146B)
Class com.google.common.collect.AbstractMapBasedMultimap                              : loaded 2 times (x 137B)
Class com.google.common.util.concurrent.AbstractFuture                                : loaded 2 times (x 104B)
Class com.google.common.base.FunctionalEquivalence                                    : loaded 2 times (x 81B)
Class com.google.common.collect.Iterators$9                                           : loaded 2 times (x 79B)
Class com.google.common.collect.ImmutableAsList                                       : loaded 2 times (x 207B)
Class org.objectweb.asm.RecordComponentVisitor                                        : loaded 2 times (x 75B)
Class com.google.common.cache.CacheLoader$SupplierToCacheLoader                       : loaded 2 times (x 73B)
Class jdk.internal.jimage.decompressor.Decompressor                                   : loaded 2 times (x 70B)
Class jdk.internal.jimage.ImageReader$Resource                                        : loaded 2 times (x 82B)
Class com.google.common.collect.Maps$EntryTransformer                                 : loaded 2 times (x 68B)
Class org.gradle.internal.service.ServiceLookupException                              : loaded 2 times (x 80B)
Class jdk.internal.jrtfs.JrtFileAttributes                                            : loaded 2 times (x 81B)
Class com.google.common.base.CharMatcher$JavaLetter                                   : loaded 2 times (x 109B)
Class com.google.common.collect.ImmutableSortedSet                                    : loaded 2 times (x 298B)
Class com.google.common.collect.Lists$ReverseList                                     : loaded 2 times (x 198B)
Class [Lcom.google.common.cache.LocalCache$EntryFactory;                              : loaded 2 times (x 67B)
Class ijKotlinCoroutineJvmDebugInit1_b02cyuutr0hensq9qug3td681$_run_closure1$_closure2: loaded 2 times (x 137B)
Class org.gradle.internal.classloader.ClassLoaderFactory                              : loaded 2 times (x 68B)
Class com.google.common.base.CommonPattern                                            : loaded 2 times (x 72B)
Class com.google.common.cache.LocalCache$LocalManualCache                             : loaded 2 times (x 97B)
Class com.google.common.base.CharMatcher$IsNot                                        : loaded 2 times (x 109B)
Class org.gradle.internal.service.CachingServiceLocator                               : loaded 2 times (x 80B)
Class com.google.common.collect.RegularImmutableSortedSet                             : loaded 2 times (x 298B)
Class com.google.common.collect.AbstractMapBasedMultimap$KeySet                       : loaded 2 times (x 135B)
Class com.google.common.math.IntMath                                                  : loaded 2 times (x 69B)
Class com.google.common.collect.MapMakerInternalMap$InternalEntry                     : loaded 2 times (x 68B)
Class com.google.common.collect.ImmutableMapEntry                                     : loaded 2 times (x 83B)
Class com.google.common.base.Equivalence                                              : loaded 2 times (x 80B)
Class com.google.common.base.Function                                                 : loaded 2 times (x 68B)
Class com.google.common.collect.ImmutableMapEntry$NonTerminalImmutableMapEntry        : loaded 2 times (x 83B)
Class com.google.common.collect.IndexedImmutableSet$1                                 : loaded 2 times (x 211B)
Class com.google.common.cache.CacheBuilder$OneWeigher                                 : loaded 2 times (x 80B)
Class com.google.common.collect.RegularImmutableList                                  : loaded 2 times (x 211B)
Class jdk.internal.jimage.ImageBufferCache                                            : loaded 2 times (x 69B)
Class jdk.internal.jrtfs.JrtPath                                                      : loaded 2 times (x 116B)
Class org.gradle.internal.classloader.ClasspathUtil                                   : loaded 2 times (x 69B)
Class com.google.common.base.Charsets                                                 : loaded 2 times (x 69B)
Class com.google.common.util.concurrent.Uninterruptibles                              : loaded 2 times (x 69B)
Class com.google.common.collect.Maps                                                  : loaded 2 times (x 69B)
Class org.gradle.api.specs.Spec                                                       : loaded 2 times (x 68B)
Class jdk.internal.jimage.ImageReader$SharedImageReader$LocationVisitor               : loaded 2 times (x 68B)
Class com.google.common.collect.MapMaker                                              : loaded 2 times (x 70B)
Class [Lcom.google.common.collect.ImmutableEntry;                                     : loaded 2 times (x 67B)
Class com.google.common.cache.LocalCache$LoadingValueReference                        : loaded 2 times (x 94B)
Class com.google.common.base.Absent                                                   : loaded 2 times (x 78B)
Class com.google.common.collect.MapMakerInternalMap$StrongKeyDummyValueEntry          : loaded 2 times (x 80B)
Class com.google.common.base.Platform                                                 : loaded 2 times (x 69B)
Class jdk.internal.jimage.ImageReader$Directory                                       : loaded 2 times (x 82B)
Class com.google.common.collect.AbstractMapBasedMultimap$WrappedList                  : loaded 2 times (x 203B)
Class [Lorg.objectweb.asm.AnnotationWriter;                                           : loaded 2 times (x 67B)
Class com.google.common.collect.Maps$8                                                : loaded 2 times (x 80B)
Class [Lcom.google.common.collect.Iterators$EmptyModifiableIterator;                  : loaded 2 times (x 67B)
Class com.google.common.collect.ImmutableRangeSet$Builder                             : loaded 2 times (x 75B)
Class com.google.common.collect.Lists$ReverseList$1                                   : loaded 2 times (x 97B)
Class com.google.common.collect.Sets$SetView                                          : loaded 2 times (x 136B)
Class com.google.common.cache.LocalCache$StrongValueReference                         : loaded 2 times (x 88B)
Class com.google.common.util.concurrent.AbstractFuture$SynchronizedHelper             : loaded 2 times (x 76B)
Class com.google.common.graph.SuccessorsFunction                                      : loaded 2 times (x 68B)
Class org.objectweb.asm.Type                                                          : loaded 2 times (x 70B)
Class ijJvmDebugger1_9w445r5q55l8yq01b0c83qj5g                                        : loaded 2 times (x 177B)
Class org.gradle.internal.classloader.VisitableURLClassLoader$InstrumentingVisitableURLClassLoader: loaded 2 times (x 121B)
Class com.google.common.collect.MapMakerInternalMap$StrongKeyDummyValueEntry$Helper   : loaded 2 times (x 77B)
Class com.google.common.io.Files$FileByteSink                                         : loaded 2 times (x 75B)
Class org.objectweb.asm.ByteVector                                                    : loaded 2 times (x 77B)
Class [Lcom.google.common.cache.CacheBuilder$NullListener;                            : loaded 2 times (x 67B)
Class com.google.common.math.IntMath$1                                                : loaded 2 times (x 69B)
Class org.gradle.internal.classloader.VisitableURLClassLoader$Spec                    : loaded 2 times (x 72B)
Class org.gradle.internal.classpath.DefaultClassPath                                  : loaded 2 times (x 88B)
Class com.google.common.base.AbstractIterator                                         : loaded 2 times (x 78B)
Class org.objectweb.asm.Symbol                                                        : loaded 2 times (x 71B)
Class com.google.common.io.Closer                                                     : loaded 2 times (x 76B)
Class com.google.common.base.CharMatcher$Ascii                                        : loaded 2 times (x 110B)
Class com.google.common.base.CharMatcher$BitSetMatcher                                : loaded 2 times (x 110B)
Class com.google.common.collect.ImmutableSet                                          : loaded 2 times (x 143B)
Class com.google.common.collect.RegularImmutableMap$Values                            : loaded 2 times (x 205B)
Class org.gradle.internal.classloader.ClassLoaderSpec                                 : loaded 2 times (x 69B)
Class org.objectweb.asm.AnnotationWriter                                              : loaded 2 times (x 77B)
Class com.google.common.cache.CacheStats                                              : loaded 2 times (x 69B)
Class com.google.common.collect.Interners                                             : loaded 2 times (x 69B)
Class com.google.common.io.Closer$Suppressor                                          : loaded 2 times (x 68B)
Class com.google.common.io.LineProcessor                                              : loaded 2 times (x 68B)
Class org.objectweb.asm.RecordComponentWriter                                         : loaded 2 times (x 76B)
Class com.google.common.util.concurrent.AbstractFuture$Listener                       : loaded 2 times (x 70B)
Class com.google.common.base.CharMatcher$Or                                           : loaded 2 times (x 110B)
Class Settings_gradle$1$1                                                             : loaded 2 times (x 72B)
Class org.objectweb.asm.Attribute                                                     : loaded 2 times (x 75B)
Class com.google.common.base.Supplier                                                 : loaded 2 times (x 68B)
Class org.gradle.internal.classloader.VisitableURLClassLoader                         : loaded 2 times (x 115B)
Class com.google.common.collect.ImmutableList$SerializedForm                          : loaded 2 times (x 71B)
Class com.google.common.util.concurrent.AbstractFuture$Waiter                         : loaded 2 times (x 70B)
Class Settings_gradle                                                                 : loaded 2 times (x 126B)
Class org.gradle.internal.Cast                                                        : loaded 2 times (x 69B)
Class org.gradle.api.Action                                                           : loaded 2 times (x 68B)
Class com.google.common.collect.MapMakerInternalMap                                   : loaded 2 times (x 159B)
Class com.google.common.base.Strings                                                  : loaded 2 times (x 69B)
Class com.google.common.collect.Sets                                                  : loaded 2 times (x 69B)
Class org.objectweb.asm.Handler                                                       : loaded 2 times (x 70B)
Class com.google.common.base.Ticker                                                   : loaded 2 times (x 70B)
Class com.google.common.base.CharMatcher$FastMatcher                                  : loaded 2 times (x 109B)
Class [Lcom.google.common.cache.LocalCache$Segment;                                   : loaded 2 times (x 67B)
Class [Lcom.google.common.cache.LocalCache$Strength;                                  : loaded 2 times (x 67B)
Class com.google.common.cache.CacheBuilder$1                                          : loaded 2 times (x 83B)
Class com.google.common.base.Predicate                                                : loaded 2 times (x 68B)
Class com.google.common.collect.ImmutableMap                                          : loaded 2 times (x 118B)
Class org.gradle.internal.classpath.DefaultClassPath$ImmutableUniqueList$Builder      : loaded 2 times (x 73B)
Class com.google.common.collect.MapMakerInternalMap$WeakValueReference                : loaded 2 times (x 68B)
Class com.google.common.collect.AbstractRangeSet                                      : loaded 2 times (x 112B)
Class com.google.common.cache.LocalCache                                              : loaded 2 times (x 185B)
Class com.google.common.cache.CacheBuilder$2                                          : loaded 2 times (x 77B)
Class com.google.common.base.CharMatcher$NegatedFastMatcher                           : loaded 2 times (x 111B)
Class com.google.common.collect.ArrayListMultimap                                     : loaded 2 times (x 170B)
Class com.google.common.cache.CacheBuilder$3                                          : loaded 2 times (x 70B)
Class [Lcom.google.common.collect.AbstractMapEntry;                                   : loaded 2 times (x 67B)
Class com.google.common.collect.ImmutableEntry                                        : loaded 2 times (x 80B)
Class org.gradle.api.GradleException                                                  : loaded 2 times (x 80B)
Class jdk.internal.jimage.ImageStrings                                                : loaded 2 times (x 68B)
Class com.google.common.base.Suppliers$MemoizingSupplier                              : loaded 2 times (x 77B)
Class com.google.common.collect.CollectPreconditions                                  : loaded 2 times (x 69B)
Class [Lcom.google.common.collect.MapMakerInternalMap$Strength;                       : loaded 2 times (x 67B)
Class [Lcom.google.common.io.FileWriteMode;                                           : loaded 2 times (x 67B)
Class com.google.common.collect.SortedMapDifference                                   : loaded 2 times (x 68B)
Class com.google.common.collect.Iterables$4                                           : loaded 2 times (x 79B)
Class com.google.common.collect.MapMakerInternalMap$StrongKeyDummyValueSegment        : loaded 2 times (x 140B)
Class com.google.common.io.Files                                                      : loaded 2 times (x 69B)
Class com.google.common.cache.LocalCache$EntryFactory                                 : loaded 2 times (x 81B)
Class [Lcom.google.common.collect.MapMaker$Dummy;                                     : loaded 2 times (x 67B)
Class com.google.common.base.CharMatcher$Whitespace                                   : loaded 2 times (x 110B)
Class com.google.common.base.Splitter$1$1                                             : loaded 2 times (x 84B)
Class com.google.common.cache.LocalCache$AbstractReferenceEntry                       : loaded 2 times (x 105B)
Class org.gradle.internal.IoActions                                                   : loaded 2 times (x 69B)
Class com.google.common.collect.ImmutableMapKeySet                                    : loaded 2 times (x 150B)
Class com.google.common.collect.ImmutableRangeSet$ComplementRanges                    : loaded 2 times (x 205B)
Class org.objectweb.asm.SymbolTable                                                   : loaded 2 times (x 70B)
Class com.google.common.cache.CacheLoader$InvalidCacheLoadException                   : loaded 2 times (x 80B)
Class com.google.common.collect.ImmutableSet$RegularSetBuilderImpl                    : loaded 2 times (x 75B)
Class org.gradle.internal.classloader.SystemClassLoaderSpec                           : loaded 2 times (x 69B)
Class com.google.common.collect.FluentIterable                                        : loaded 2 times (x 79B)
Class com.google.common.cache.LocalCache$StrongEntry                                  : loaded 2 times (x 106B)
Class com.google.common.util.concurrent.AbstractFuture$TrustedFuture                  : loaded 2 times (x 112B)
Class com.google.common.cache.LoadingCache                                            : loaded 2 times (x 68B)
Class jdk.internal.jrtfs.JrtFileSystem                                                : loaded 2 times (x 100B)
Class com.google.common.io.ByteStreams$LimitedInputStream                             : loaded 2 times (x 90B)
Class com.google.common.base.Suppliers$NonSerializableMemoizingSupplier               : loaded 2 times (x 77B)
Class org.objectweb.asm.MethodWriter                                                  : loaded 2 times (x 104B)
Class [Lcom.google.common.cache.Weigher;                                              : loaded 2 times (x 67B)
Class com.google.common.collect.RegularImmutableMap$BucketOverflowException           : loaded 2 times (x 80B)
Class com.google.common.collect.AbstractMapBasedMultimap$RandomAccessWrappedList      : loaded 2 times (x 203B)
Class com.google.common.collect.AbstractIterator$State                                : loaded 2 times (x 77B)
Class com.google.common.collect.RegularImmutableBiMap                                 : loaded 2 times (x 147B)
Class com.google.common.cache.LocalCache$ValueReference                               : loaded 2 times (x 68B)
Class com.google.common.base.CharMatcher$Negated                                      : loaded 2 times (x 111B)
Class com.google.common.base.CharMatcher$Is                                           : loaded 2 times (x 109B)
Class com.google.common.hash.PrimitiveSink                                            : loaded 2 times (x 68B)
Class com.google.common.base.PatternCompiler                                          : loaded 2 times (x 68B)
Class com.google.common.util.concurrent.AbstractFuture$Failure                        : loaded 2 times (x 70B)
Class com.google.common.base.Equivalence$Equals                                       : loaded 2 times (x 80B)
Class com.google.common.collect.Hashing                                               : loaded 2 times (x 69B)
Class com.google.common.base.Preconditions                                            : loaded 2 times (x 69B)
Class com.google.common.io.CharSink                                                   : loaded 2 times (x 77B)
Class com.google.common.base.Joiner$1                                                 : loaded 2 times (x 78B)
Class org.objectweb.asm.Label                                                         : loaded 2 times (x 71B)
Class org.objectweb.asm.CurrentFrame                                                  : loaded 2 times (x 71B)
Class org.objectweb.asm.ClassTooLargeException                                        : loaded 2 times (x 81B)
Class com.google.common.base.CharMatcher                                              : loaded 2 times (x 109B)
Class com.google.common.collect.PeekingIterator                                       : loaded 2 times (x 68B)
Class com.google.common.collect.MapMakerInternalMap$InternalEntryHelper               : loaded 2 times (x 68B)
Class com.google.common.collect.Maps$IteratorBasedAbstractMap                         : loaded 2 times (x 123B)
Class com.google.common.collect.RangeGwtSerializationDependencies                     : loaded 2 times (x 69B)
Class com.google.common.collect.Table                                                 : loaded 2 times (x 68B)
Class com.google.common.base.Joiner$2                                                 : loaded 2 times (x 77B)
Class org.objectweb.asm.Frame                                                         : loaded 2 times (x 71B)
Class org.objectweb.asm.MethodVisitor                                                 : loaded 2 times (x 103B)
Class com.google.common.cache.LocalCache$EntryFactory$1                               : loaded 2 times (x 81B)
Class [Lcom.google.common.cache.RemovalListener;                                      : loaded 2 times (x 67B)
Class com.google.common.base.CharMatcher$NamedFastMatcher                             : loaded 2 times (x 110B)
Class com.google.common.base.CharMatcher$1                                            : loaded 2 times (x 111B)
Class com.google.common.collect.RangeSet                                              : loaded 2 times (x 68B)
Class com.google.common.cache.LocalCache$EntryFactory$2                               : loaded 2 times (x 81B)
Class org.gradle.api.internal.classpath.GlobalCacheRootsProvider                      : loaded 2 times (x 68B)
Class com.google.common.collect.CollectCollectors                                     : loaded 2 times (x 69B)
Class org.objectweb.asm.ModuleWriter                                                  : loaded 2 times (x 80B)
Class com.google.common.cache.LocalCache$EntryFactory$3                               : loaded 2 times (x 81B)
Class com.google.common.base.Ticker$1                                                 : loaded 2 times (x 70B)
Class com.google.common.collect.Maps$BiMapConverter                                   : loaded 2 times (x 88B)
Class com.google.common.collect.ImmutableMapEntrySet$RegularEntrySet                  : loaded 2 times (x 150B)
Class com.google.common.cache.LocalCache$EntryFactory$4                               : loaded 2 times (x 81B)
Class com.google.common.base.CharMatcher$InRange                                      : loaded 2 times (x 109B)
Class com.google.common.collect.ImmutableSet$Builder                                  : loaded 2 times (x 83B)
Class com.google.common.io.ByteStreams$1                                              : loaded 2 times (x 83B)
Class com.google.common.cache.LocalCache$EntryFactory$5                               : loaded 2 times (x 81B)
Class ijKotlinCoroutineJvmDebugInit1_b02cyuutr0hensq9qug3td681                        : loaded 2 times (x 177B)
Class com.google.common.base.PairwiseEquivalence                                      : loaded 2 times (x 81B)
Class com.google.common.cache.LocalCache$EntryFactory$6                               : loaded 2 times (x 81B)
Class org.gradle.internal.installation.CurrentGradleInstallationLocator               : loaded 2 times (x 69B)
Class com.google.common.collect.Maps$KeySet                                           : loaded 2 times (x 135B)
Class com.google.common.cache.LocalCache$EntryFactory$7                               : loaded 2 times (x 81B)
Class com.google.common.collect.ImmutableSet$EmptySetBuilderImpl                      : loaded 2 times (x 74B)
Class com.google.common.collect.ImmutableList                                         : loaded 2 times (x 204B)
Class org.gradle.internal.service.DefaultServiceLocator                               : loaded 2 times (x 81B)
Class jdk.internal.jrtfs.JrtDirectoryStream                                           : loaded 2 times (x 87B)
Class com.google.common.collect.Maps$EntrySet                                         : loaded 2 times (x 134B)
Class com.google.common.cache.LocalCache$EntryFactory$8                               : loaded 2 times (x 81B)
Class com.google.common.collect.ImmutableSet$SetBuilderImpl                           : loaded 2 times (x 74B)
Class org.gradle.internal.installation.CurrentGradleInstallation                      : loaded 2 times (x 71B)
Class com.google.common.cache.CacheLoader$1                                           : loaded 2 times (x 73B)
Class com.google.common.collect.ForwardingObject                                      : loaded 2 times (x 70B)
Class com.google.common.collect.ImmutableList$SubList                                 : loaded 2 times (x 207B)
Class org.gradle.util.internal.GUtil                                                  : loaded 2 times (x 69B)
Class com.google.common.io.ByteSource                                                 : loaded 2 times (x 82B)
Class com.google.common.util.concurrent.AbstractFuture$SetFuture                      : loaded 2 times (x 73B)
Class com.google.common.cache.AbstractCache$StatsCounter                              : loaded 2 times (x 68B)
Class com.google.common.collect.MapMakerInternalMap$1                                 : loaded 2 times (x 81B)
Class com.google.common.collect.Iterators$MergingIterator                             : loaded 2 times (x 79B)
Class com.google.common.collect.RegularImmutableSet                                   : loaded 2 times (x 147B)
Class org.gradle.internal.installation.GradleInstallation                             : loaded 2 times (x 73B)
Class com.google.common.base.Splitter$Strategy                                        : loaded 2 times (x 68B)
Class com.google.common.collect.Iterables                                             : loaded 2 times (x 69B)
Class com.google.common.collect.Lists$RandomAccessReverseList                         : loaded 2 times (x 198B)

---------------  S Y S T E M  ---------------

OS:
 Windows 11 , 64 bit Build 26100 (10.0.26100.7623)
OS uptime: 0 days 4:46 hours
Hyper-V role detected

CPU: total 12 (initial active 12) (12 cores per cpu, 2 threads per core) family 23 model 96 stepping 1 microcode 0x8600106, cx8, cmov, fxsr, ht, mmx, 3dnowpref, sse, sse2, sse3, ssse3, sse4a, sse4.1, sse4.2, popcnt, lzcnt, tsc, tscinvbit, avx, avx2, aes, clmul, bmi1, bmi2, adx, sha, fma, vzeroupper, clflush, clflushopt, hv, rdtscp, rdpid, f16c
Processor Information for the first 12 processors :
  Max Mhz: 3701, Current Mhz: 3701, Mhz Limit: 3701

Memory: 4k page, system-wide physical 14229M (3461M free)
TotalPageFile size 57237M (AvailPageFile size 1M)
current process WorkingSet (physical memory assigned to process): 627M, peak: 627M
current process commit charge ("private bytes"): 667M, peak: 670M

vm_info: OpenJDK 64-Bit Server VM (21.0.7+-13880790-b1038.58) for windows-amd64 JRE (21.0.7+-13880790-b1038.58), built on 2025-08-04T20:56:21Z by "builder" with MS VC++ 16.10 / 16.11 (VS2019)

END.
