#
# There is insufficient memory for the Java Runtime Environment to continue.
# Native memory allocation (malloc) failed to allocate 1212176 bytes. Error detail: Chunk::new
# Possible reasons:
#   The system is out of physical RAM or swap space
#   This process is running with CompressedOops enabled, and the Java Heap may be blocking the growth of the native heap
# Possible solutions:
#   Reduce memory load on the system
#   Increase physical memory or swap space
#   Check if swap backing store is full
#   Decrease Java heap size (-Xmx/-Xms)
#   Decrease number of Java threads
#   Decrease Java thread stack sizes (-Xss)
#   Set larger code cache with -XX:ReservedCodeCacheSize=
#   JVM is running with Unscaled Compressed Oops mode in which the Java heap is
#     placed in the first 4GB address space. The Java Heap base address is the
#     maximum limit for the native heap growth. Please use -XX:HeapBaseMinAddress
#     to set the Java Heap base and to place the Java Heap above 4GB virtual address.
# This output file may be truncated or incomplete.
#
#  Out of Memory Error (arena.cpp:168), pid=5832, tid=9632
#
# JRE version: OpenJDK Runtime Environment (21.0.7) (build 21.0.7+-13880790-b1038.58)
# Java VM: OpenJDK 64-Bit Server VM (21.0.7+-13880790-b1038.58, mixed mode, tiered, compressed oops, compressed class ptrs, g1 gc, windows-amd64)
# No core dump will be written. Minidumps are not enabled by default on client versions of Windows
#

---------------  S U M M A R Y ------------

Command Line: --add-opens=java.base/java.lang=ALL-UNNAMED --add-opens=java.base/java.lang.invoke=ALL-UNNAMED --add-opens=java.base/java.util=ALL-UNNAMED --add-opens=java.prefs/java.util.prefs=ALL-UNNAMED --add-exports=jdk.compiler/com.sun.tools.javac.api=ALL-UNNAMED --add-exports=jdk.compiler/com.sun.tools.javac.util=ALL-UNNAMED --add-opens=java.base/java.util=ALL-UNNAMED --add-opens=java.prefs/java.util.prefs=ALL-UNNAMED --add-opens=java.base/java.nio.charset=ALL-UNNAMED --add-opens=java.base/java.net=ALL-UNNAMED --add-opens=java.base/java.util.concurrent.atomic=ALL-UNNAMED --add-opens=java.xml/javax.xml.namespace=ALL-UNNAMED -Xmx2048m -Dfile.encoding=UTF-8 -Duser.country=ES -Duser.language=es -Duser.variant -javaagent:C:\Users\Usuario\.gradle\wrapper\dists\gradle-8.13-bin\5xuhj0ry160q40clulazy9h7d\gradle-8.13\lib\agents\gradle-instrumentation-agent-8.13.jar org.gradle.launcher.daemon.bootstrap.GradleDaemon 8.13

Host: AMD Ryzen 5 4600G with Radeon Graphics, 12 cores, 13G,  Windows 11 , 64 bit Build 26100 (10.0.26100.7623)
Time: Fri Jan 16 13:54:28 2026 Hora estándar romance elapsed time: 17.250862 seconds (0d 0h 0m 17s)

---------------  T H R E A D  ---------------

Current thread (0x000001f8ff84d0c0):  JavaThread "C2 CompilerThread0" daemon [_thread_in_native, id=9632, stack(0x0000005ec0c00000,0x0000005ec0d00000) (1024K)]


Current CompileTask:
C2:17250 12351       4       org.gradle.cache.internal.DefaultCacheCoordinator$UnitOfWorkFileAccess::readFile (14 bytes)

Stack: [0x0000005ec0c00000,0x0000005ec0d00000]
Native frames: (J=compiled Java code, j=interpreted, Vv=VM code, C=native code)
V  [jvm.dll+0x6d25c9]
V  [jvm.dll+0x860923]
V  [jvm.dll+0x862e7e]
V  [jvm.dll+0x863563]
V  [jvm.dll+0x27f156]
V  [jvm.dll+0xc002d]
V  [jvm.dll+0xc0563]
V  [jvm.dll+0x3b6d01]
V  [jvm.dll+0x382c27]
V  [jvm.dll+0x38209a]
V  [jvm.dll+0x247e72]
V  [jvm.dll+0x247441]
V  [jvm.dll+0x1c5fb4]
V  [jvm.dll+0x256bac]
V  [jvm.dll+0x2550f6]
V  [jvm.dll+0x3f1d16]
V  [jvm.dll+0x808d08]
V  [jvm.dll+0x6d0e1d]
C  [ucrtbase.dll+0x37b0]
C  [KERNEL32.DLL+0x2e8d7]
C  [ntdll.dll+0x8c53c]


---------------  P R O C E S S  ---------------

Threads class SMR info:
_java_thread_list=0x000001f89d1fd4f0, length=134, elements={
0x000001f8faaabfe0, 0x000001f8ff802e20, 0x000001f8ff806e50, 0x000001f8ff805890,
0x000001f8ff822210, 0x000001f8ff822c70, 0x000001f8ff8236d0, 0x000001f8ff834310,
0x000001f8ff84d0c0, 0x000001f8ff853b80, 0x000001f8ffb37350, 0x000001f89892f4f0,
0x000001f89783f250, 0x000001f897dc31a0, 0x000001f898cb9080, 0x000001f898a824b0,
0x000001f898a8e520, 0x000001f8989b8530, 0x000001f8989ec5c0, 0x000001f8989ed970,
0x000001f8989ecc50, 0x000001f8989ed2e0, 0x000001f8989ebf30, 0x000001f8989ee690,
0x000001f8989eb8a0, 0x000001f8989eb210, 0x000001f89a527df0, 0x000001f89a52a550,
0x000001f89a529830, 0x000001f89a529ec0, 0x000001f89a5291a0, 0x000001f89a52b270,
0x000001f89a528480, 0x000001f89a52f410, 0x000001f89a52ccb0, 0x000001f89a52d340,
0x000001f89a52bf90, 0x000001f89a52d9d0, 0x000001f89a52e060, 0x000001f89a52e6f0,
0x000001f89a52ed80, 0x000001f89cac15d0, 0x000001f89cac1c60, 0x000001f89cac2980,
0x000001f89cac22f0, 0x000001f89cabfb90, 0x000001f89cac0220, 0x000001f89cac08b0,
0x000001f89cac3010, 0x000001f89cac0f40, 0x000001f89d59e040, 0x000001f89d59d9b0,
0x000001f89d59e6d0, 0x000001f89d59bf70, 0x000001f89d59ed60, 0x000001f89d59c600,
0x000001f89d59b8e0, 0x000001f89d59f3f0, 0x000001f89d59fa80, 0x000001f89d5a0110,
0x000001f89d5a1b50, 0x000001f89d5a07a0, 0x000001f89d5a14c0, 0x000001f89d5a21e0,
0x000001f89d5a0e30, 0x000001f89c9eb060, 0x000001f89c9eb6f0, 0x000001f89c9ebd80,
0x000001f89c9ef200, 0x000001f89c9ee4e0, 0x000001f89c9eeb70, 0x000001f89c9ef890,
0x000001f89c9ecaa0, 0x000001f89c9ec410, 0x000001f89c9eff20, 0x000001f89c9f05b0,
0x000001f89c9ed130, 0x000001f89c9f0c40, 0x000001f89c9ed7c0, 0x000001f89c9f12d0,
0x000001f89c9ede50, 0x000001f89c9f1960, 0x000001f89c9f1ff0, 0x000001f89c9f2680,
0x000001f89d5b56b0, 0x000001f89d5b4300, 0x000001f89d5b35e0, 0x000001f89aae6d50,
0x000001f89aae58e0, 0x000001f899f20dc0, 0x000001f899f21450, 0x000001f899f1dfd0,
0x000001f899f21ae0, 0x000001f899f22170, 0x000001f899f1f380, 0x000001f899f22e90,
0x000001f899f23520, 0x000001f89ef808b0, 0x000001f89f74e820, 0x000001f89f750f80,
0x000001f89f752330, 0x000001f89f74eeb0, 0x000001f89f755120, 0x000001f89f7557b0,
0x000001f89d5b2f50, 0x000001f89d83bdf0, 0x000001f89d83b0d0, 0x000001f89d839690,
0x000001f89d83b760, 0x000001f89d839000, 0x000001f89d839d20, 0x000001f89d83a3b0,
0x000001f89d83aa40, 0x000001f89d838970, 0x000001f89d83c480, 0x000001f89d83f270,
0x000001f89d83d1a0, 0x000001f89d83ebe0, 0x000001f89d83ff90, 0x000001f89d83f900,
0x000001f89d83cb10, 0x000001f89d83d830, 0x000001f89d83dec0, 0x000001f89d83e550,
0x000001f89f7508f0, 0x000001f89f751610, 0x000001f89f751ca0, 0x000001f89f7529c0,
0x000001f89f74f540, 0x000001f89f753050, 0x000001f89f74fbd0, 0x000001f89f7536e0,
0x000001f89f755e40, 0x000001f89f753d70
}

Java Threads: ( => current thread )
  0x000001f8faaabfe0 JavaThread "main"                              [_thread_blocked, id=6224, stack(0x0000005ebfd00000,0x0000005ebfe00000) (1024K)]
  0x000001f8ff802e20 JavaThread "Common-Cleaner"             daemon [_thread_blocked, id=4720, stack(0x0000005ec0500000,0x0000005ec0600000) (1024K)]
  0x000001f8ff806e50 JavaThread "Reference Handler"          daemon [_thread_blocked, id=5704, stack(0x0000005ec0600000,0x0000005ec0700000) (1024K)]
  0x000001f8ff805890 JavaThread "Finalizer"                  daemon [_thread_blocked, id=9564, stack(0x0000005ec0700000,0x0000005ec0800000) (1024K)]
  0x000001f8ff822210 JavaThread "Signal Dispatcher"          daemon [_thread_blocked, id=3300, stack(0x0000005ec0800000,0x0000005ec0900000) (1024K)]
  0x000001f8ff822c70 JavaThread "Attach Listener"            daemon [_thread_blocked, id=4224, stack(0x0000005ec0900000,0x0000005ec0a00000) (1024K)]
  0x000001f8ff8236d0 JavaThread "Service Thread"             daemon [_thread_blocked, id=9148, stack(0x0000005ec0a00000,0x0000005ec0b00000) (1024K)]
  0x000001f8ff834310 JavaThread "Monitor Deflation Thread"   daemon [_thread_blocked, id=2396, stack(0x0000005ec0b00000,0x0000005ec0c00000) (1024K)]
=>0x000001f8ff84d0c0 JavaThread "C2 CompilerThread0"         daemon [_thread_in_native, id=9632, stack(0x0000005ec0c00000,0x0000005ec0d00000) (1024K)]
  0x000001f8ff853b80 JavaThread "C1 CompilerThread0"         daemon [_thread_blocked, id=7840, stack(0x0000005ec0d00000,0x0000005ec0e00000) (1024K)]
  0x000001f8ffb37350 JavaThread "Notification Thread"        daemon [_thread_blocked, id=5636, stack(0x0000005ec0e00000,0x0000005ec0f00000) (1024K)]
  0x000001f89892f4f0 JavaThread "Daemon health stats"               [_thread_blocked, id=7476, stack(0x0000005ec1500000,0x0000005ec1600000) (1024K)]
  0x000001f89783f250 JavaThread "Incoming local TCP Connector on port 50742"        [_thread_in_native, id=2636, stack(0x0000005ec1a00000,0x0000005ec1b00000) (1024K)]
  0x000001f897dc31a0 JavaThread "Daemon periodic checks"            [_thread_blocked, id=13276, stack(0x0000005ec1b00000,0x0000005ec1c00000) (1024K)]
  0x000001f898cb9080 JavaThread "Daemon"                            [_thread_blocked, id=3096, stack(0x0000005ec1c00000,0x0000005ec1d00000) (1024K)]
  0x000001f898a824b0 JavaThread "Handler for socket connection from /127.0.0.1:50742 to /127.0.0.1:50743"        [_thread_in_native, id=2404, stack(0x0000005ec1d00000,0x0000005ec1e00000) (1024K)]
  0x000001f898a8e520 JavaThread "Cancel handler"                    [_thread_blocked, id=8140, stack(0x0000005ec1e00000,0x0000005ec1f00000) (1024K)]
  0x000001f8989b8530 JavaThread "Daemon worker"                     [_thread_blocked, id=6124, stack(0x0000005ec1f00000,0x0000005ec2000000) (1024K)]
  0x000001f8989ec5c0 JavaThread "Asynchronous log dispatcher for DefaultDaemonConnection: socket connection from /127.0.0.1:50742 to /127.0.0.1:50743"        [_thread_blocked, id=12332, stack(0x0000005ec2000000,0x0000005ec2100000) (1024K)]
  0x000001f8989ed970 JavaThread "Stdin handler"                     [_thread_blocked, id=10172, stack(0x0000005ec2100000,0x0000005ec2200000) (1024K)]
  0x000001f8989ecc50 JavaThread "Daemon client event forwarder"        [_thread_blocked, id=6428, stack(0x0000005ec2200000,0x0000005ec2300000) (1024K)]
  0x000001f8989ed2e0 JavaThread "Cache worker for journal cache (C:\Users\Usuario\.gradle\caches\journal-1)"        [_thread_blocked, id=12824, stack(0x0000005ec2600000,0x0000005ec2700000) (1024K)]
  0x000001f8989ebf30 JavaThread "File lock request listener"        [_thread_in_native, id=368, stack(0x0000005ec2700000,0x0000005ec2800000) (1024K)]
  0x000001f8989ee690 JavaThread "Cache worker for file hash cache (C:\Users\Usuario\.gradle\caches\8.13\fileHashes)"        [_thread_blocked, id=2800, stack(0x0000005ec2800000,0x0000005ec2900000) (1024K)]
  0x000001f8989eb8a0 JavaThread "Cache worker for file hash cache (C:\Users\Usuario\AndroidStudioProjects\RecyclerEntrega\.gradle\8.13\fileHashes)"        [_thread_blocked, id=5756, stack(0x0000005ec2900000,0x0000005ec2a00000) (1024K)]
  0x000001f8989eb210 JavaThread "Cache worker for Build Output Cleanup Cache (C:\Users\Usuario\AndroidStudioProjects\RecyclerEntrega\.gradle\buildOutputCleanup)"        [_thread_blocked, id=9212, stack(0x0000005ec2a00000,0x0000005ec2b00000) (1024K)]
  0x000001f89a527df0 JavaThread "File watcher server"        daemon [_thread_in_native, id=4680, stack(0x0000005ec1000000,0x0000005ec1100000) (1024K)]
  0x000001f89a52a550 JavaThread "File watcher consumer"      daemon [_thread_blocked, id=12504, stack(0x0000005ec2b00000,0x0000005ec2c00000) (1024K)]
  0x000001f89a529830 JavaThread "jar transforms"                    [_thread_blocked, id=10304, stack(0x0000005ec2c00000,0x0000005ec2d00000) (1024K)]
  0x000001f89a529ec0 JavaThread "jar transforms Thread 2"           [_thread_blocked, id=5292, stack(0x0000005ec2d00000,0x0000005ec2e00000) (1024K)]
  0x000001f89a5291a0 JavaThread "Cache worker for checksums cache (C:\Users\Usuario\AndroidStudioProjects\RecyclerEntrega\.gradle\8.13\checksums)"        [_thread_blocked, id=6532, stack(0x0000005ec2f00000,0x0000005ec3000000) (1024K)]
  0x000001f89a52b270 JavaThread "Cache worker for file content cache (C:\Users\Usuario\.gradle\caches\8.13\fileContent)"        [_thread_blocked, id=412, stack(0x0000005ec3000000,0x0000005ec3100000) (1024K)]
  0x000001f89a528480 JavaThread "jar transforms Thread 3"           [_thread_blocked, id=7640, stack(0x0000005ec3100000,0x0000005ec3200000) (1024K)]
  0x000001f89a52f410 JavaThread "Cache worker for cache directory md-supplier (C:\Users\Usuario\.gradle\caches\8.13\md-supplier)"        [_thread_blocked, id=8560, stack(0x0000005ec3200000,0x0000005ec3300000) (1024K)]
  0x000001f89a52ccb0 JavaThread "Cache worker for cache directory md-rule (C:\Users\Usuario\.gradle\caches\8.13\md-rule)"        [_thread_blocked, id=9988, stack(0x0000005ec3300000,0x0000005ec3400000) (1024K)]
  0x000001f89a52d340 JavaThread "Unconstrained build operations"        [_thread_blocked, id=6952, stack(0x0000005ec3400000,0x0000005ec3500000) (1024K)]
  0x000001f89a52bf90 JavaThread "Unconstrained build operations Thread 2"        [_thread_blocked, id=2144, stack(0x0000005ec3500000,0x0000005ec3600000) (1024K)]
  0x000001f89a52d9d0 JavaThread "Unconstrained build operations Thread 3"        [_thread_blocked, id=3916, stack(0x0000005ec3600000,0x0000005ec3700000) (1024K)]
  0x000001f89a52e060 JavaThread "Unconstrained build operations Thread 4"        [_thread_blocked, id=13048, stack(0x0000005ec3700000,0x0000005ec3800000) (1024K)]
  0x000001f89a52e6f0 JavaThread "Unconstrained build operations Thread 5"        [_thread_blocked, id=3348, stack(0x0000005ec3800000,0x0000005ec3900000) (1024K)]
  0x000001f89a52ed80 JavaThread "Unconstrained build operations Thread 6"        [_thread_blocked, id=1792, stack(0x0000005ec3900000,0x0000005ec3a00000) (1024K)]
  0x000001f89cac15d0 JavaThread "Unconstrained build operations Thread 7"        [_thread_blocked, id=12648, stack(0x0000005ec3a00000,0x0000005ec3b00000) (1024K)]
  0x000001f89cac1c60 JavaThread "Unconstrained build operations Thread 8"        [_thread_blocked, id=10960, stack(0x0000005ec3b00000,0x0000005ec3c00000) (1024K)]
  0x000001f89cac2980 JavaThread "jar transforms Thread 4"           [_thread_blocked, id=4004, stack(0x0000005ec3c00000,0x0000005ec3d00000) (1024K)]
  0x000001f89cac22f0 JavaThread "jar transforms Thread 5"           [_thread_blocked, id=8224, stack(0x0000005ec3d00000,0x0000005ec3e00000) (1024K)]
  0x000001f89cabfb90 JavaThread "Unconstrained build operations Thread 9"        [_thread_blocked, id=8384, stack(0x0000005ec3e00000,0x0000005ec3f00000) (1024K)]
  0x000001f89cac0220 JavaThread "Unconstrained build operations Thread 10"        [_thread_blocked, id=11772, stack(0x0000005ec3f00000,0x0000005ec4000000) (1024K)]
  0x000001f89cac08b0 JavaThread "Unconstrained build operations Thread 11"        [_thread_blocked, id=9816, stack(0x0000005ec4000000,0x0000005ec4100000) (1024K)]
  0x000001f89cac3010 JavaThread "Unconstrained build operations Thread 12"        [_thread_blocked, id=1476, stack(0x0000005ec4100000,0x0000005ec4200000) (1024K)]
  0x000001f89cac0f40 JavaThread "jar transforms Thread 6"           [_thread_blocked, id=7656, stack(0x0000005ec4200000,0x0000005ec4300000) (1024K)]
  0x000001f89d59e040 JavaThread "jar transforms Thread 7"           [_thread_blocked, id=11120, stack(0x0000005ec4300000,0x0000005ec4400000) (1024K)]
  0x000001f89d59d9b0 JavaThread "jar transforms Thread 8"           [_thread_blocked, id=4220, stack(0x0000005ec4400000,0x0000005ec4500000) (1024K)]
  0x000001f89d59e6d0 JavaThread "Unconstrained build operations Thread 13"        [_thread_blocked, id=8252, stack(0x0000005ec4500000,0x0000005ec4600000) (1024K)]
  0x000001f89d59bf70 JavaThread "Unconstrained build operations Thread 14"        [_thread_blocked, id=6344, stack(0x0000005ec4600000,0x0000005ec4700000) (1024K)]
  0x000001f89d59ed60 JavaThread "Unconstrained build operations Thread 15"        [_thread_blocked, id=7480, stack(0x0000005ec4700000,0x0000005ec4800000) (1024K)]
  0x000001f89d59c600 JavaThread "Unconstrained build operations Thread 16"        [_thread_blocked, id=2488, stack(0x0000005ec4800000,0x0000005ec4900000) (1024K)]
  0x000001f89d59b8e0 JavaThread "Unconstrained build operations Thread 17"        [_thread_blocked, id=7588, stack(0x0000005ec4900000,0x0000005ec4a00000) (1024K)]
  0x000001f89d59f3f0 JavaThread "Unconstrained build operations Thread 18"        [_thread_blocked, id=2068, stack(0x0000005ec4a00000,0x0000005ec4b00000) (1024K)]
  0x000001f89d59fa80 JavaThread "Unconstrained build operations Thread 19"        [_thread_blocked, id=7968, stack(0x0000005ec4b00000,0x0000005ec4c00000) (1024K)]
  0x000001f89d5a0110 JavaThread "Unconstrained build operations Thread 20"        [_thread_blocked, id=2336, stack(0x0000005ec4c00000,0x0000005ec4d00000) (1024K)]
  0x000001f89d5a1b50 JavaThread "Unconstrained build operations Thread 21"        [_thread_blocked, id=9460, stack(0x0000005ec4d00000,0x0000005ec4e00000) (1024K)]
  0x000001f89d5a07a0 JavaThread "Unconstrained build operations Thread 22"        [_thread_blocked, id=9120, stack(0x0000005ec4e00000,0x0000005ec4f00000) (1024K)]
  0x000001f89d5a14c0 JavaThread "Unconstrained build operations Thread 23"        [_thread_blocked, id=11080, stack(0x0000005ec4f00000,0x0000005ec5000000) (1024K)]
  0x000001f89d5a21e0 JavaThread "Unconstrained build operations Thread 24"        [_thread_blocked, id=9656, stack(0x0000005ec5000000,0x0000005ec5100000) (1024K)]
  0x000001f89d5a0e30 JavaThread "Unconstrained build operations Thread 25"        [_thread_blocked, id=4788, stack(0x0000005ec5100000,0x0000005ec5200000) (1024K)]
  0x000001f89c9eb060 JavaThread "Unconstrained build operations Thread 26"        [_thread_blocked, id=2148, stack(0x0000005ec5200000,0x0000005ec5300000) (1024K)]
  0x000001f89c9eb6f0 JavaThread "Unconstrained build operations Thread 27"        [_thread_blocked, id=10944, stack(0x0000005ec5300000,0x0000005ec5400000) (1024K)]
  0x000001f89c9ebd80 JavaThread "Unconstrained build operations Thread 28"        [_thread_blocked, id=6356, stack(0x0000005ec5400000,0x0000005ec5500000) (1024K)]
  0x000001f89c9ef200 JavaThread "Unconstrained build operations Thread 29"        [_thread_blocked, id=11476, stack(0x0000005ec5500000,0x0000005ec5600000) (1024K)]
  0x000001f89c9ee4e0 JavaThread "Unconstrained build operations Thread 30"        [_thread_blocked, id=7972, stack(0x0000005ec5600000,0x0000005ec5700000) (1024K)]
  0x000001f89c9eeb70 JavaThread "Unconstrained build operations Thread 31"        [_thread_blocked, id=8516, stack(0x0000005ec5700000,0x0000005ec5800000) (1024K)]
  0x000001f89c9ef890 JavaThread "Unconstrained build operations Thread 32"        [_thread_blocked, id=9488, stack(0x0000005ec5800000,0x0000005ec5900000) (1024K)]
  0x000001f89c9ecaa0 JavaThread "Unconstrained build operations Thread 33"        [_thread_blocked, id=6576, stack(0x0000005ec5900000,0x0000005ec5a00000) (1024K)]
  0x000001f89c9ec410 JavaThread "Unconstrained build operations Thread 34"        [_thread_blocked, id=10936, stack(0x0000005ec5a00000,0x0000005ec5b00000) (1024K)]
  0x000001f89c9eff20 JavaThread "Unconstrained build operations Thread 35"        [_thread_blocked, id=9160, stack(0x0000005ec5b00000,0x0000005ec5c00000) (1024K)]
  0x000001f89c9f05b0 JavaThread "Unconstrained build operations Thread 36"        [_thread_blocked, id=2264, stack(0x0000005ec5c00000,0x0000005ec5d00000) (1024K)]
  0x000001f89c9ed130 JavaThread "Unconstrained build operations Thread 37"        [_thread_blocked, id=10204, stack(0x0000005ec5d00000,0x0000005ec5e00000) (1024K)]
  0x000001f89c9f0c40 JavaThread "Unconstrained build operations Thread 38"        [_thread_blocked, id=7124, stack(0x0000005ec5e00000,0x0000005ec5f00000) (1024K)]
  0x000001f89c9ed7c0 JavaThread "Unconstrained build operations Thread 39"        [_thread_blocked, id=13092, stack(0x0000005ec5f00000,0x0000005ec6000000) (1024K)]
  0x000001f89c9f12d0 JavaThread "Unconstrained build operations Thread 40"        [_thread_blocked, id=9328, stack(0x0000005ec6000000,0x0000005ec6100000) (1024K)]
  0x000001f89c9ede50 JavaThread "Unconstrained build operations Thread 41"        [_thread_blocked, id=5044, stack(0x0000005ec6100000,0x0000005ec6200000) (1024K)]
  0x000001f89c9f1960 JavaThread "Unconstrained build operations Thread 42"        [_thread_blocked, id=2164, stack(0x0000005ec6200000,0x0000005ec6300000) (1024K)]
  0x000001f89c9f1ff0 JavaThread "Unconstrained build operations Thread 43"        [_thread_blocked, id=2076, stack(0x0000005ec6300000,0x0000005ec6400000) (1024K)]
  0x000001f89c9f2680 JavaThread "Unconstrained build operations Thread 44"        [_thread_blocked, id=2260, stack(0x0000005ec6400000,0x0000005ec6500000) (1024K)]
  0x000001f89d5b56b0 JavaThread "Unconstrained build operations Thread 45"        [_thread_blocked, id=12204, stack(0x0000005ec6500000,0x0000005ec6600000) (1024K)]
  0x000001f89d5b4300 JavaThread "build event listener"              [_thread_blocked, id=3764, stack(0x0000005ec2e00000,0x0000005ec2f00000) (1024K)]
  0x000001f89d5b35e0 JavaThread "Memory manager"                    [_thread_blocked, id=2588, stack(0x0000005ec6600000,0x0000005ec6700000) (1024K)]
  0x000001f89aae6d50 JavaThread "C2 CompilerThread1"         daemon [_thread_in_native, id=11936, stack(0x0000005ec0f00000,0x0000005ec1000000) (1024K)]
  0x000001f89aae58e0 JavaThread "C2 CompilerThread2"         daemon [_thread_in_native, id=8972, stack(0x0000005ec6700000,0x0000005ec6800000) (1024K)]
  0x000001f899f20dc0 JavaThread "included builds"                   [_thread_blocked, id=10100, stack(0x0000005ec6800000,0x0000005ec6900000) (1024K)]
  0x000001f899f21450 JavaThread "Execution worker"                  [_thread_blocked, id=11148, stack(0x0000005ec6900000,0x0000005ec6a00000) (1024K)]
  0x000001f899f1dfd0 JavaThread "Execution worker Thread 2"         [_thread_in_vm, id=5056, stack(0x0000005ec6a00000,0x0000005ec6b00000) (1024K)]
  0x000001f899f21ae0 JavaThread "Execution worker Thread 3"         [_thread_blocked, id=8728, stack(0x0000005ec6b00000,0x0000005ec6c00000) (1024K)]
  0x000001f899f22170 JavaThread "Execution worker Thread 4"         [_thread_blocked, id=10368, stack(0x0000005ec6c00000,0x0000005ec6d00000) (1024K)]
  0x000001f899f1f380 JavaThread "Execution worker Thread 5"         [_thread_blocked, id=10648, stack(0x0000005ec6d00000,0x0000005ec6e00000) (1024K)]
  0x000001f899f22e90 JavaThread "Execution worker Thread 6"         [_thread_blocked, id=4876, stack(0x0000005ec6e00000,0x0000005ec6f00000) (1024K)]
  0x000001f899f23520 JavaThread "Execution worker Thread 7"         [_thread_blocked, id=8320, stack(0x0000005ec6f00000,0x0000005ec7000000) (1024K)]
  0x000001f89ef808b0 JavaThread "Execution worker Thread 8"         [_thread_blocked, id=12540, stack(0x0000005ec7000000,0x0000005ec7100000) (1024K)]
  0x000001f89f74e820 JavaThread "Execution worker Thread 9"         [_thread_blocked, id=2840, stack(0x0000005ec7100000,0x0000005ec7200000) (1024K)]
  0x000001f89f750f80 JavaThread "Execution worker Thread 10"        [_thread_blocked, id=12464, stack(0x0000005ec7200000,0x0000005ec7300000) (1024K)]
  0x000001f89f752330 JavaThread "Execution worker Thread 11"        [_thread_blocked, id=10140, stack(0x0000005ec7300000,0x0000005ec7400000) (1024K)]
  0x000001f89f74eeb0 JavaThread "Cache worker for execution history cache (C:\Users\Usuario\AndroidStudioProjects\RecyclerEntrega\.gradle\8.13\executionHistory)"        [_thread_blocked, id=4036, stack(0x0000005ec7400000,0x0000005ec7500000) (1024K)]
  0x000001f89f755120 JavaThread "Unconstrained build operations Thread 46"        [_thread_blocked, id=11612, stack(0x0000005ec7500000,0x0000005ec7600000) (1024K)]
  0x000001f89f7557b0 JavaThread "Unconstrained build operations Thread 47"        [_thread_blocked, id=3484, stack(0x0000005ec7600000,0x0000005ec7700000) (1024K)]
  0x000001f89d5b2f50 JavaThread "Unconstrained build operations Thread 48"        [_thread_blocked, id=11152, stack(0x0000005ec7700000,0x0000005ec7800000) (1024K)]
  0x000001f89d83bdf0 JavaThread "Unconstrained build operations Thread 49"        [_thread_blocked, id=9068, stack(0x0000005ec7800000,0x0000005ec7900000) (1024K)]
  0x000001f89d83b0d0 JavaThread "Unconstrained build operations Thread 50"        [_thread_blocked, id=5780, stack(0x0000005ec7900000,0x0000005ec7a00000) (1024K)]
  0x000001f89d839690 JavaThread "Unconstrained build operations Thread 51"        [_thread_blocked, id=2660, stack(0x0000005ec7a00000,0x0000005ec7b00000) (1024K)]
  0x000001f89d83b760 JavaThread "Unconstrained build operations Thread 52"        [_thread_blocked, id=11312, stack(0x0000005ec7b00000,0x0000005ec7c00000) (1024K)]
  0x000001f89d839000 JavaThread "Unconstrained build operations Thread 53"        [_thread_blocked, id=5968, stack(0x0000005ec7c00000,0x0000005ec7d00000) (1024K)]
  0x000001f89d839d20 JavaThread "Unconstrained build operations Thread 54"        [_thread_blocked, id=11208, stack(0x0000005ec7d00000,0x0000005ec7e00000) (1024K)]
  0x000001f89d83a3b0 JavaThread "Unconstrained build operations Thread 55"        [_thread_blocked, id=12440, stack(0x0000005ec7e00000,0x0000005ec7f00000) (1024K)]
  0x000001f89d83aa40 JavaThread "Unconstrained build operations Thread 56"        [_thread_blocked, id=10132, stack(0x0000005ec7f00000,0x0000005ec8000000) (1024K)]
  0x000001f89d838970 JavaThread "Unconstrained build operations Thread 57"        [_thread_blocked, id=13204, stack(0x0000005ec8000000,0x0000005ec8100000) (1024K)]
  0x000001f89d83c480 JavaThread "Unconstrained build operations Thread 58"        [_thread_blocked, id=2624, stack(0x0000005ec8100000,0x0000005ec8200000) (1024K)]
  0x000001f89d83f270 JavaThread "Unconstrained build operations Thread 59"        [_thread_blocked, id=8112, stack(0x0000005ec8200000,0x0000005ec8300000) (1024K)]
  0x000001f89d83d1a0 JavaThread "Unconstrained build operations Thread 60"        [_thread_blocked, id=6788, stack(0x0000005ec8300000,0x0000005ec8400000) (1024K)]
  0x000001f89d83ebe0 JavaThread "Unconstrained build operations Thread 61"        [_thread_blocked, id=13304, stack(0x0000005ec8400000,0x0000005ec8500000) (1024K)]
  0x000001f89d83ff90 JavaThread "Unconstrained build operations Thread 62"        [_thread_blocked, id=11396, stack(0x0000005ec8500000,0x0000005ec8600000) (1024K)]
  0x000001f89d83f900 JavaThread "Unconstrained build operations Thread 63"        [_thread_blocked, id=2268, stack(0x0000005ec8600000,0x0000005ec8700000) (1024K)]
  0x000001f89d83cb10 JavaThread "Unconstrained build operations Thread 64"        [_thread_blocked, id=2100, stack(0x0000005ec8700000,0x0000005ec8800000) (1024K)]
  0x000001f89d83d830 JavaThread "Unconstrained build operations Thread 65"        [_thread_blocked, id=12908, stack(0x0000005ec8800000,0x0000005ec8900000) (1024K)]
  0x000001f89d83dec0 JavaThread "Unconstrained build operations Thread 66"        [_thread_blocked, id=6312, stack(0x0000005ec8900000,0x0000005ec8a00000) (1024K)]
  0x000001f89d83e550 JavaThread "Unconstrained build operations Thread 67"        [_thread_blocked, id=6276, stack(0x0000005ec8a00000,0x0000005ec8b00000) (1024K)]
  0x000001f89f7508f0 JavaThread "Unconstrained build operations Thread 68"        [_thread_blocked, id=6640, stack(0x0000005ec8b00000,0x0000005ec8c00000) (1024K)]
  0x000001f89f751610 JavaThread "Unconstrained build operations Thread 69"        [_thread_blocked, id=12856, stack(0x0000005ec8c00000,0x0000005ec8d00000) (1024K)]
  0x000001f89f751ca0 JavaThread "Unconstrained build operations Thread 70"        [_thread_in_native, id=10152, stack(0x0000005ec8d00000,0x0000005ec8e00000) (1024K)]
  0x000001f89f7529c0 JavaThread "Unconstrained build operations Thread 71"        [_thread_blocked, id=9908, stack(0x0000005ec8e00000,0x0000005ec8f00000) (1024K)]
  0x000001f89f74f540 JavaThread "Unconstrained build operations Thread 72"        [_thread_blocked, id=4868, stack(0x0000005ec8f00000,0x0000005ec9000000) (1024K)]
  0x000001f89f753050 JavaThread "Unconstrained build operations Thread 73"        [_thread_in_Java, id=13264, stack(0x0000005ec9000000,0x0000005ec9100000) (1024K)]
  0x000001f89f74fbd0 JavaThread "Unconstrained build operations Thread 74"        [_thread_in_Java, id=11140, stack(0x0000005ec9100000,0x0000005ec9200000) (1024K)]
  0x000001f89f7536e0 JavaThread "Unconstrained build operations Thread 75"        [_thread_in_Java, id=11024, stack(0x0000005ec9200000,0x0000005ec9300000) (1024K)]
  0x000001f89f755e40 JavaThread "Unconstrained build operations Thread 76"        [_thread_blocked, id=3992, stack(0x0000005ec9300000,0x0000005ec9400000) (1024K)]
  0x000001f89f753d70 JavaThread "Unconstrained build operations Thread 77"        [_thread_blocked, id=6360, stack(0x0000005ec9400000,0x0000005ec9500000) (1024K)]
Total: 134

Other Threads:
  0x000001f8ff7692b0 VMThread "VM Thread"                           [id=4684, stack(0x0000005ec0400000,0x0000005ec0500000) (1024K)]
  0x000001f8ff5f2260 WatcherThread "VM Periodic Task Thread"        [id=2500, stack(0x0000005ec0300000,0x0000005ec0400000) (1024K)]
  0x000001f8fab05460 WorkerThread "GC Thread#0"                     [id=1956, stack(0x0000005ebfe00000,0x0000005ebff00000) (1024K)]
  0x000001f89718a080 WorkerThread "GC Thread#1"                     [id=1980, stack(0x0000005ec1100000,0x0000005ec1200000) (1024K)]
  0x000001f8977cd9a0 WorkerThread "GC Thread#2"                     [id=13180, stack(0x0000005ec1200000,0x0000005ec1300000) (1024K)]
  0x000001f8972356e0 WorkerThread "GC Thread#3"                     [id=6052, stack(0x0000005ec1300000,0x0000005ec1400000) (1024K)]
  0x000001f8975c32f0 WorkerThread "GC Thread#4"                     [id=3492, stack(0x0000005ec1400000,0x0000005ec1500000) (1024K)]
  0x000001f89896cae0 WorkerThread "GC Thread#5"                     [id=5964, stack(0x0000005ec1600000,0x0000005ec1700000) (1024K)]
  0x000001f89896ce80 WorkerThread "GC Thread#6"                     [id=6492, stack(0x0000005ec1700000,0x0000005ec1800000) (1024K)]
  0x000001f89896d220 WorkerThread "GC Thread#7"                     [id=8620, stack(0x0000005ec1800000,0x0000005ec1900000) (1024K)]
  0x000001f89896d5c0 WorkerThread "GC Thread#8"                     [id=3320, stack(0x0000005ec1900000,0x0000005ec1a00000) (1024K)]
  0x000001f89890ae80 WorkerThread "GC Thread#9"                     [id=12296, stack(0x0000005ec2300000,0x0000005ec2400000) (1024K)]
  0x000001f8fab16440 ConcurrentGCThread "G1 Main Marker"            [id=12580, stack(0x0000005ebff00000,0x0000005ec0000000) (1024K)]
  0x000001f8fab18c30 WorkerThread "G1 Conc#0"                       [id=6204, stack(0x0000005ec0000000,0x0000005ec0100000) (1024K)]
  0x000001f89890a740 WorkerThread "G1 Conc#1"                       [id=5996, stack(0x0000005ec2400000,0x0000005ec2500000) (1024K)]
  0x000001f898909c60 WorkerThread "G1 Conc#2"                       [id=4032, stack(0x0000005ec2500000,0x0000005ec2600000) (1024K)]
  0x000001f8ff4c6ae0 ConcurrentGCThread "G1 Refine#0"               [id=10144, stack(0x0000005ec0100000,0x0000005ec0200000) (1024K)]
  0x000001f8ff4c7400 ConcurrentGCThread "G1 Service"                [id=12336, stack(0x0000005ec0200000,0x0000005ec0300000) (1024K)]
Total: 18

Threads with active compile tasks:
C2 CompilerThread0  17272 12351       4       org.gradle.cache.internal.DefaultCacheCoordinator$UnitOfWorkFileAccess::readFile (14 bytes)
C2 CompilerThread1  17272 12510       4       org.gradle.internal.snapshot.AbstractListChildMap::store (72 bytes)
C2 CompilerThread2  17272 12525       4       java.util.Arrays::sort (47 bytes)
Total: 3

VM state: not at safepoint (normal execution)

VM Mutex/Monitor currently owned by a thread: None

Heap address: 0x0000000080000000, size: 2048 MB, Compressed Oops mode: 32-bit

CDS archive(s) not mapped
Compressed class space mapped at: 0x0000000100000000-0x0000000140000000, reserved size: 1073741824
Narrow klass base: 0x0000000000000000, Narrow klass shift: 3, Narrow klass range: 0x140000000

GC Precious Log:
 CardTable entry size: 512
 Card Set container configuration: InlinePtr #cards 5 size 8 Array Of Cards #cards 12 size 40 Howl #buckets 4 coarsen threshold 1843 Howl Bitmap #cards 512 size 80 coarsen threshold 460 Card regions per heap region 1 cards per card region 2048
 CPUs: 12 total, 12 available
 Memory: 14229M
 Large Page Support: Disabled
 NUMA Support: Disabled
 Compressed Oops: Enabled (32-bit)
 Heap Region Size: 1M
 Heap Min Capacity: 8M
 Heap Initial Capacity: 224M
 Heap Max Capacity: 2G
 Pre-touch: Disabled
 Parallel Workers: 10
 Concurrent Workers: 3
 Concurrent Refinement Workers: 10
 Periodic GC: Disabled

Heap:
 garbage-first heap   total 162816K, used 112082K [0x0000000080000000, 0x0000000100000000)
  region size 1024K, 14 young (14336K), 4 survivors (4096K)
 Metaspace       used 108052K, committed 110336K, reserved 1179648K
  class space    used 15097K, committed 16256K, reserved 1048576K

Heap Regions: E=young(eden), S=young(survivor), O=old, HS=humongous(starts), HC=humongous(continues), CS=collection set, F=free, TAMS=top-at-mark-start, PB=parsable bottom
|   0|0x0000000080000000, 0x0000000080100000, 0x0000000080100000|100%|HS|  |TAMS 0x0000000080000000| PB 0x0000000080000000| Complete 
|   1|0x0000000080100000, 0x0000000080200000, 0x0000000080200000|100%|HC|  |TAMS 0x0000000080100000| PB 0x0000000080100000| Complete 
|   2|0x0000000080200000, 0x0000000080300000, 0x0000000080300000|100%|HC|  |TAMS 0x0000000080200000| PB 0x0000000080200000| Complete 
|   3|0x0000000080300000, 0x0000000080400000, 0x0000000080400000|100%| O|  |TAMS 0x0000000080300000| PB 0x0000000080300000| Untracked 
|   4|0x0000000080400000, 0x0000000080500000, 0x0000000080500000|100%| O|  |TAMS 0x0000000080400000| PB 0x0000000080400000| Untracked 
|   5|0x0000000080500000, 0x0000000080600000, 0x0000000080600000|100%| O|  |TAMS 0x0000000080500000| PB 0x0000000080500000| Untracked 
|   6|0x0000000080600000, 0x0000000080700000, 0x0000000080700000|100%|HS|  |TAMS 0x0000000080600000| PB 0x0000000080600000| Complete 
|   7|0x0000000080700000, 0x0000000080800000, 0x0000000080800000|100%| O|  |TAMS 0x0000000080700000| PB 0x0000000080700000| Untracked 
|   8|0x0000000080800000, 0x0000000080900000, 0x0000000080900000|100%| O|  |TAMS 0x0000000080800000| PB 0x0000000080800000| Untracked 
|   9|0x0000000080900000, 0x0000000080a00000, 0x0000000080a00000|100%| O|  |TAMS 0x0000000080900000| PB 0x0000000080900000| Untracked 
|  10|0x0000000080a00000, 0x0000000080b00000, 0x0000000080b00000|100%| O|  |TAMS 0x0000000080a00000| PB 0x0000000080a00000| Untracked 
|  11|0x0000000080b00000, 0x0000000080c00000, 0x0000000080c00000|100%| O|  |TAMS 0x0000000080b00000| PB 0x0000000080b00000| Untracked 
|  12|0x0000000080c00000, 0x0000000080d00000, 0x0000000080d00000|100%| O|  |TAMS 0x0000000080c00000| PB 0x0000000080c00000| Untracked 
|  13|0x0000000080d00000, 0x0000000080e00000, 0x0000000080e00000|100%| O|  |TAMS 0x0000000080d00000| PB 0x0000000080d00000| Untracked 
|  14|0x0000000080e00000, 0x0000000080f00000, 0x0000000080f00000|100%| O|  |TAMS 0x0000000080e00000| PB 0x0000000080e00000| Untracked 
|  15|0x0000000080f00000, 0x0000000081000000, 0x0000000081000000|100%| O|  |TAMS 0x0000000080f00000| PB 0x0000000080f00000| Untracked 
|  16|0x0000000081000000, 0x0000000081100000, 0x0000000081100000|100%| O|  |TAMS 0x0000000081000000| PB 0x0000000081000000| Untracked 
|  17|0x0000000081100000, 0x0000000081200000, 0x0000000081200000|100%| O|  |TAMS 0x0000000081100000| PB 0x0000000081100000| Untracked 
|  18|0x0000000081200000, 0x0000000081300000, 0x0000000081300000|100%| O|  |TAMS 0x0000000081200000| PB 0x0000000081200000| Untracked 
|  19|0x0000000081300000, 0x0000000081400000, 0x0000000081400000|100%| O|  |TAMS 0x0000000081300000| PB 0x0000000081300000| Untracked 
|  20|0x0000000081400000, 0x0000000081500000, 0x0000000081500000|100%| O|  |TAMS 0x0000000081400000| PB 0x0000000081400000| Untracked 
|  21|0x0000000081500000, 0x0000000081600000, 0x0000000081600000|100%| O|  |TAMS 0x0000000081500000| PB 0x0000000081500000| Untracked 
|  22|0x0000000081600000, 0x0000000081700000, 0x0000000081700000|100%| O|  |TAMS 0x0000000081600000| PB 0x0000000081600000| Untracked 
|  23|0x0000000081700000, 0x0000000081800000, 0x0000000081800000|100%| O|  |TAMS 0x0000000081700000| PB 0x0000000081700000| Untracked 
|  24|0x0000000081800000, 0x0000000081900000, 0x0000000081900000|100%| O|  |TAMS 0x0000000081800000| PB 0x0000000081800000| Untracked 
|  25|0x0000000081900000, 0x0000000081a00000, 0x0000000081a00000|100%| O|  |TAMS 0x0000000081900000| PB 0x0000000081900000| Untracked 
|  26|0x0000000081a00000, 0x0000000081b00000, 0x0000000081b00000|100%|HS|  |TAMS 0x0000000081a00000| PB 0x0000000081a00000| Complete 
|  27|0x0000000081b00000, 0x0000000081c00000, 0x0000000081c00000|100%| O|  |TAMS 0x0000000081b00000| PB 0x0000000081b00000| Untracked 
|  28|0x0000000081c00000, 0x0000000081d00000, 0x0000000081d00000|100%| O|  |TAMS 0x0000000081c00000| PB 0x0000000081c00000| Untracked 
|  29|0x0000000081d00000, 0x0000000081e00000, 0x0000000081e00000|100%| O|  |TAMS 0x0000000081d00000| PB 0x0000000081d00000| Untracked 
|  30|0x0000000081e00000, 0x0000000081e00000, 0x0000000081f00000|  0%| F|  |TAMS 0x0000000081e00000| PB 0x0000000081e00000| Untracked 
|  31|0x0000000081f00000, 0x0000000082000000, 0x0000000082000000|100%| O|  |TAMS 0x0000000081f00000| PB 0x0000000081f00000| Untracked 
|  32|0x0000000082000000, 0x0000000082100000, 0x0000000082100000|100%| O|  |TAMS 0x0000000082000000| PB 0x0000000082000000| Untracked 
|  33|0x0000000082100000, 0x0000000082200000, 0x0000000082200000|100%| O|  |TAMS 0x0000000082100000| PB 0x0000000082100000| Untracked 
|  34|0x0000000082200000, 0x0000000082300000, 0x0000000082300000|100%| O|  |TAMS 0x0000000082200000| PB 0x0000000082200000| Untracked 
|  35|0x0000000082300000, 0x0000000082400000, 0x0000000082400000|100%| O|  |TAMS 0x0000000082300000| PB 0x0000000082300000| Untracked 
|  36|0x0000000082400000, 0x0000000082500000, 0x0000000082500000|100%| O|  |TAMS 0x0000000082400000| PB 0x0000000082400000| Untracked 
|  37|0x0000000082500000, 0x0000000082600000, 0x0000000082600000|100%| O|  |TAMS 0x0000000082500000| PB 0x0000000082500000| Untracked 
|  38|0x0000000082600000, 0x0000000082700000, 0x0000000082700000|100%| O|  |TAMS 0x0000000082600000| PB 0x0000000082600000| Untracked 
|  39|0x0000000082700000, 0x0000000082800000, 0x0000000082800000|100%| O|  |TAMS 0x0000000082700000| PB 0x0000000082700000| Untracked 
|  40|0x0000000082800000, 0x0000000082900000, 0x0000000082900000|100%| O|  |TAMS 0x0000000082800000| PB 0x0000000082800000| Untracked 
|  41|0x0000000082900000, 0x0000000082a00000, 0x0000000082a00000|100%| O|  |TAMS 0x0000000082900000| PB 0x0000000082900000| Untracked 
|  42|0x0000000082a00000, 0x0000000082b00000, 0x0000000082b00000|100%| O|  |TAMS 0x0000000082a00000| PB 0x0000000082a00000| Untracked 
|  43|0x0000000082b00000, 0x0000000082c00000, 0x0000000082c00000|100%| O|  |TAMS 0x0000000082b00000| PB 0x0000000082b00000| Untracked 
|  44|0x0000000082c00000, 0x0000000082d00000, 0x0000000082d00000|100%| O|  |TAMS 0x0000000082c00000| PB 0x0000000082c00000| Untracked 
|  45|0x0000000082d00000, 0x0000000082e00000, 0x0000000082e00000|100%| O|  |TAMS 0x0000000082d00000| PB 0x0000000082d00000| Untracked 
|  46|0x0000000082e00000, 0x0000000082f00000, 0x0000000082f00000|100%| O|  |TAMS 0x0000000082e00000| PB 0x0000000082e00000| Untracked 
|  47|0x0000000082f00000, 0x0000000083000000, 0x0000000083000000|100%|HS|  |TAMS 0x0000000082f00000| PB 0x0000000082f00000| Complete 
|  48|0x0000000083000000, 0x0000000083100000, 0x0000000083100000|100%|HS|  |TAMS 0x0000000083000000| PB 0x0000000083000000| Complete 
|  49|0x0000000083100000, 0x0000000083200000, 0x0000000083200000|100%|HS|  |TAMS 0x0000000083100000| PB 0x0000000083100000| Complete 
|  50|0x0000000083200000, 0x0000000083300000, 0x0000000083300000|100%|HS|  |TAMS 0x0000000083200000| PB 0x0000000083200000| Complete 
|  51|0x0000000083300000, 0x0000000083400000, 0x0000000083400000|100%| O|  |TAMS 0x0000000083300000| PB 0x0000000083300000| Untracked 
|  52|0x0000000083400000, 0x0000000083500000, 0x0000000083500000|100%|HS|  |TAMS 0x0000000083400000| PB 0x0000000083400000| Complete 
|  53|0x0000000083500000, 0x0000000083500000, 0x0000000083600000|  0%| F|  |TAMS 0x0000000083500000| PB 0x0000000083500000| Untracked 
|  54|0x0000000083600000, 0x0000000083700000, 0x0000000083700000|100%| O|  |TAMS 0x0000000083600000| PB 0x0000000083600000| Untracked 
|  55|0x0000000083700000, 0x0000000083800000, 0x0000000083800000|100%| O|  |TAMS 0x0000000083700000| PB 0x0000000083700000| Untracked 
|  56|0x0000000083800000, 0x0000000083900000, 0x0000000083900000|100%| O|  |TAMS 0x0000000083800000| PB 0x0000000083800000| Untracked 
|  57|0x0000000083900000, 0x0000000083a00000, 0x0000000083a00000|100%| O|  |TAMS 0x0000000083900000| PB 0x0000000083900000| Untracked 
|  58|0x0000000083a00000, 0x0000000083b00000, 0x0000000083b00000|100%| O|  |TAMS 0x0000000083a00000| PB 0x0000000083a00000| Untracked 
|  59|0x0000000083b00000, 0x0000000083c00000, 0x0000000083c00000|100%| O|  |TAMS 0x0000000083b00000| PB 0x0000000083b00000| Untracked 
|  60|0x0000000083c00000, 0x0000000083d00000, 0x0000000083d00000|100%| O|  |TAMS 0x0000000083c00000| PB 0x0000000083c00000| Untracked 
|  61|0x0000000083d00000, 0x0000000083e00000, 0x0000000083e00000|100%| O|  |TAMS 0x0000000083d00000| PB 0x0000000083d00000| Untracked 
|  62|0x0000000083e00000, 0x0000000083f00000, 0x0000000083f00000|100%| O|  |TAMS 0x0000000083e00000| PB 0x0000000083e00000| Untracked 
|  63|0x0000000083f00000, 0x0000000084000000, 0x0000000084000000|100%|HS|  |TAMS 0x0000000083f00000| PB 0x0000000083f00000| Complete 
|  64|0x0000000084000000, 0x0000000084100000, 0x0000000084100000|100%| O|  |TAMS 0x0000000084000000| PB 0x0000000084000000| Untracked 
|  65|0x0000000084100000, 0x0000000084200000, 0x0000000084200000|100%| O|  |TAMS 0x0000000084100000| PB 0x0000000084100000| Untracked 
|  66|0x0000000084200000, 0x0000000084300000, 0x0000000084300000|100%| O|  |TAMS 0x0000000084200000| PB 0x0000000084200000| Untracked 
|  67|0x0000000084300000, 0x0000000084400000, 0x0000000084400000|100%| O|  |TAMS 0x0000000084300000| PB 0x0000000084300000| Untracked 
|  68|0x0000000084400000, 0x0000000084500000, 0x0000000084500000|100%| O|  |TAMS 0x0000000084400000| PB 0x0000000084400000| Untracked 
|  69|0x0000000084500000, 0x0000000084600000, 0x0000000084600000|100%| O|  |TAMS 0x0000000084500000| PB 0x0000000084500000| Untracked 
|  70|0x0000000084600000, 0x0000000084700000, 0x0000000084700000|100%| O|  |TAMS 0x0000000084600000| PB 0x0000000084600000| Untracked 
|  71|0x0000000084700000, 0x0000000084800000, 0x0000000084800000|100%| O|  |TAMS 0x0000000084700000| PB 0x0000000084700000| Untracked 
|  72|0x0000000084800000, 0x0000000084900000, 0x0000000084900000|100%| O|  |TAMS 0x0000000084800000| PB 0x0000000084800000| Untracked 
|  73|0x0000000084900000, 0x0000000084a00000, 0x0000000084a00000|100%| O|  |TAMS 0x0000000084900000| PB 0x0000000084900000| Untracked 
|  74|0x0000000084a00000, 0x0000000084b00000, 0x0000000084b00000|100%| O|  |TAMS 0x0000000084a00000| PB 0x0000000084a00000| Untracked 
|  75|0x0000000084b00000, 0x0000000084c00000, 0x0000000084c00000|100%| O|  |TAMS 0x0000000084b00000| PB 0x0000000084b00000| Untracked 
|  76|0x0000000084c00000, 0x0000000084d00000, 0x0000000084d00000|100%| O|  |TAMS 0x0000000084c00000| PB 0x0000000084c00000| Untracked 
|  77|0x0000000084d00000, 0x0000000084e00000, 0x0000000084e00000|100%| O|  |TAMS 0x0000000084d00000| PB 0x0000000084d00000| Untracked 
|  78|0x0000000084e00000, 0x0000000084f00000, 0x0000000084f00000|100%| O|  |TAMS 0x0000000084e00000| PB 0x0000000084e00000| Untracked 
|  79|0x0000000084f00000, 0x0000000085000000, 0x0000000085000000|100%| O|  |TAMS 0x0000000084f00000| PB 0x0000000084f00000| Untracked 
|  80|0x0000000085000000, 0x0000000085100000, 0x0000000085100000|100%| O|  |TAMS 0x0000000085000000| PB 0x0000000085000000| Untracked 
|  81|0x0000000085100000, 0x0000000085200000, 0x0000000085200000|100%| O|  |TAMS 0x0000000085100000| PB 0x0000000085100000| Untracked 
|  82|0x0000000085200000, 0x0000000085300000, 0x0000000085300000|100%| O|  |TAMS 0x0000000085200000| PB 0x0000000085200000| Untracked 
|  83|0x0000000085300000, 0x0000000085400000, 0x0000000085400000|100%| O|  |TAMS 0x0000000085300000| PB 0x0000000085300000| Untracked 
|  84|0x0000000085400000, 0x0000000085500000, 0x0000000085500000|100%| O|  |TAMS 0x0000000085400000| PB 0x0000000085400000| Untracked 
|  85|0x0000000085500000, 0x0000000085600000, 0x0000000085600000|100%| O|  |TAMS 0x0000000085500000| PB 0x0000000085500000| Untracked 
|  86|0x0000000085600000, 0x0000000085700000, 0x0000000085700000|100%| O|  |TAMS 0x0000000085600000| PB 0x0000000085600000| Untracked 
|  87|0x0000000085700000, 0x0000000085800000, 0x0000000085800000|100%| O|  |TAMS 0x0000000085700000| PB 0x0000000085700000| Untracked 
|  88|0x0000000085800000, 0x0000000085900000, 0x0000000085900000|100%| O|  |TAMS 0x0000000085800000| PB 0x0000000085800000| Untracked 
|  89|0x0000000085900000, 0x0000000085a00000, 0x0000000085a00000|100%| O|  |TAMS 0x0000000085900000| PB 0x0000000085900000| Untracked 
|  90|0x0000000085a00000, 0x0000000085b00000, 0x0000000085b00000|100%| O|  |TAMS 0x0000000085a00000| PB 0x0000000085a00000| Untracked 
|  91|0x0000000085b00000, 0x0000000085c00000, 0x0000000085c00000|100%| O|  |TAMS 0x0000000085b00000| PB 0x0000000085b00000| Untracked 
|  92|0x0000000085c00000, 0x0000000085d00000, 0x0000000085d00000|100%| O|  |TAMS 0x0000000085c00000| PB 0x0000000085c00000| Untracked 
|  93|0x0000000085d00000, 0x0000000085e00000, 0x0000000085e00000|100%| O|  |TAMS 0x0000000085d00000| PB 0x0000000085d00000| Untracked 
|  94|0x0000000085e00000, 0x0000000085f00000, 0x0000000085f00000|100%| O|  |TAMS 0x0000000085e00000| PB 0x0000000085e00000| Untracked 
|  95|0x0000000085f00000, 0x0000000086000000, 0x0000000086000000|100%| O|  |TAMS 0x0000000085f00000| PB 0x0000000085f00000| Untracked 
|  96|0x0000000086000000, 0x00000000860b8ca8, 0x0000000086100000| 72%| O|  |TAMS 0x0000000086000000| PB 0x0000000086000000| Untracked 
|  97|0x0000000086100000, 0x0000000086100000, 0x0000000086200000|  0%| F|  |TAMS 0x0000000086100000| PB 0x0000000086100000| Untracked 
|  98|0x0000000086200000, 0x0000000086200000, 0x0000000086300000|  0%| F|  |TAMS 0x0000000086200000| PB 0x0000000086200000| Untracked 
|  99|0x0000000086300000, 0x0000000086300000, 0x0000000086400000|  0%| F|  |TAMS 0x0000000086300000| PB 0x0000000086300000| Untracked 
| 100|0x0000000086400000, 0x0000000086400000, 0x0000000086500000|  0%| F|  |TAMS 0x0000000086400000| PB 0x0000000086400000| Untracked 
| 101|0x0000000086500000, 0x0000000086500000, 0x0000000086600000|  0%| F|  |TAMS 0x0000000086500000| PB 0x0000000086500000| Untracked 
| 102|0x0000000086600000, 0x0000000086600000, 0x0000000086700000|  0%| F|  |TAMS 0x0000000086600000| PB 0x0000000086600000| Untracked 
| 103|0x0000000086700000, 0x0000000086700000, 0x0000000086800000|  0%| F|  |TAMS 0x0000000086700000| PB 0x0000000086700000| Untracked 
| 104|0x0000000086800000, 0x00000000868bbbc0, 0x0000000086900000| 73%| S|CS|TAMS 0x0000000086800000| PB 0x0000000086800000| Complete 
| 105|0x0000000086900000, 0x0000000086a00000, 0x0000000086a00000|100%| S|CS|TAMS 0x0000000086900000| PB 0x0000000086900000| Complete 
| 106|0x0000000086a00000, 0x0000000086b00000, 0x0000000086b00000|100%| S|CS|TAMS 0x0000000086a00000| PB 0x0000000086a00000| Complete 
| 107|0x0000000086b00000, 0x0000000086c00000, 0x0000000086c00000|100%| S|CS|TAMS 0x0000000086b00000| PB 0x0000000086b00000| Complete 
| 108|0x0000000086c00000, 0x0000000086c00000, 0x0000000086d00000|  0%| F|  |TAMS 0x0000000086c00000| PB 0x0000000086c00000| Untracked 
| 109|0x0000000086d00000, 0x0000000086d00000, 0x0000000086e00000|  0%| F|  |TAMS 0x0000000086d00000| PB 0x0000000086d00000| Untracked 
| 110|0x0000000086e00000, 0x0000000086e00000, 0x0000000086f00000|  0%| F|  |TAMS 0x0000000086e00000| PB 0x0000000086e00000| Untracked 
| 111|0x0000000086f00000, 0x0000000086f00000, 0x0000000087000000|  0%| F|  |TAMS 0x0000000086f00000| PB 0x0000000086f00000| Untracked 
| 112|0x0000000087000000, 0x0000000087000000, 0x0000000087100000|  0%| F|  |TAMS 0x0000000087000000| PB 0x0000000087000000| Untracked 
| 113|0x0000000087100000, 0x0000000087100000, 0x0000000087200000|  0%| F|  |TAMS 0x0000000087100000| PB 0x0000000087100000| Untracked 
| 114|0x0000000087200000, 0x0000000087200000, 0x0000000087300000|  0%| F|  |TAMS 0x0000000087200000| PB 0x0000000087200000| Untracked 
| 115|0x0000000087300000, 0x0000000087300000, 0x0000000087400000|  0%| F|  |TAMS 0x0000000087300000| PB 0x0000000087300000| Untracked 
| 116|0x0000000087400000, 0x0000000087400000, 0x0000000087500000|  0%| F|  |TAMS 0x0000000087400000| PB 0x0000000087400000| Untracked 
| 117|0x0000000087500000, 0x0000000087500000, 0x0000000087600000|  0%| F|  |TAMS 0x0000000087500000| PB 0x0000000087500000| Untracked 
| 118|0x0000000087600000, 0x0000000087600000, 0x0000000087700000|  0%| F|  |TAMS 0x0000000087600000| PB 0x0000000087600000| Untracked 
| 119|0x0000000087700000, 0x0000000087700000, 0x0000000087800000|  0%| F|  |TAMS 0x0000000087700000| PB 0x0000000087700000| Untracked 
| 120|0x0000000087800000, 0x0000000087800000, 0x0000000087900000|  0%| F|  |TAMS 0x0000000087800000| PB 0x0000000087800000| Untracked 
| 121|0x0000000087900000, 0x0000000087900000, 0x0000000087a00000|  0%| F|  |TAMS 0x0000000087900000| PB 0x0000000087900000| Untracked 
| 122|0x0000000087a00000, 0x0000000087a00000, 0x0000000087b00000|  0%| F|  |TAMS 0x0000000087a00000| PB 0x0000000087a00000| Untracked 
| 123|0x0000000087b00000, 0x0000000087b00000, 0x0000000087c00000|  0%| F|  |TAMS 0x0000000087b00000| PB 0x0000000087b00000| Untracked 
| 124|0x0000000087c00000, 0x0000000087c00000, 0x0000000087d00000|  0%| F|  |TAMS 0x0000000087c00000| PB 0x0000000087c00000| Untracked 
| 125|0x0000000087d00000, 0x0000000087d00000, 0x0000000087e00000|  0%| F|  |TAMS 0x0000000087d00000| PB 0x0000000087d00000| Untracked 
| 126|0x0000000087e00000, 0x0000000087e00000, 0x0000000087f00000|  0%| F|  |TAMS 0x0000000087e00000| PB 0x0000000087e00000| Untracked 
| 127|0x0000000087f00000, 0x0000000087f00000, 0x0000000088000000|  0%| F|  |TAMS 0x0000000087f00000| PB 0x0000000087f00000| Untracked 
| 128|0x0000000088000000, 0x0000000088000000, 0x0000000088100000|  0%| F|  |TAMS 0x0000000088000000| PB 0x0000000088000000| Untracked 
| 129|0x0000000088100000, 0x0000000088100000, 0x0000000088200000|  0%| F|  |TAMS 0x0000000088100000| PB 0x0000000088100000| Untracked 
| 130|0x0000000088200000, 0x0000000088200000, 0x0000000088300000|  0%| F|  |TAMS 0x0000000088200000| PB 0x0000000088200000| Untracked 
| 131|0x0000000088300000, 0x0000000088300000, 0x0000000088400000|  0%| F|  |TAMS 0x0000000088300000| PB 0x0000000088300000| Untracked 
| 132|0x0000000088400000, 0x0000000088400000, 0x0000000088500000|  0%| F|  |TAMS 0x0000000088400000| PB 0x0000000088400000| Untracked 
| 133|0x0000000088500000, 0x0000000088500000, 0x0000000088600000|  0%| F|  |TAMS 0x0000000088500000| PB 0x0000000088500000| Untracked 
| 134|0x0000000088600000, 0x0000000088600000, 0x0000000088700000|  0%| F|  |TAMS 0x0000000088600000| PB 0x0000000088600000| Untracked 
| 135|0x0000000088700000, 0x0000000088700000, 0x0000000088800000|  0%| F|  |TAMS 0x0000000088700000| PB 0x0000000088700000| Untracked 
| 136|0x0000000088800000, 0x0000000088800000, 0x0000000088900000|  0%| F|  |TAMS 0x0000000088800000| PB 0x0000000088800000| Untracked 
| 137|0x0000000088900000, 0x0000000088900000, 0x0000000088a00000|  0%| F|  |TAMS 0x0000000088900000| PB 0x0000000088900000| Untracked 
| 138|0x0000000088a00000, 0x0000000088a00000, 0x0000000088b00000|  0%| F|  |TAMS 0x0000000088a00000| PB 0x0000000088a00000| Untracked 
| 139|0x0000000088b00000, 0x0000000088b00000, 0x0000000088c00000|  0%| F|  |TAMS 0x0000000088b00000| PB 0x0000000088b00000| Untracked 
| 140|0x0000000088c00000, 0x0000000088c00000, 0x0000000088d00000|  0%| F|  |TAMS 0x0000000088c00000| PB 0x0000000088c00000| Untracked 
| 141|0x0000000088d00000, 0x0000000088d00000, 0x0000000088e00000|  0%| F|  |TAMS 0x0000000088d00000| PB 0x0000000088d00000| Untracked 
| 142|0x0000000088e00000, 0x0000000088e00000, 0x0000000088f00000|  0%| F|  |TAMS 0x0000000088e00000| PB 0x0000000088e00000| Untracked 
| 197|0x000000008c500000, 0x000000008c500000, 0x000000008c600000|  0%| F|  |TAMS 0x000000008c500000| PB 0x000000008c500000| Untracked 
| 198|0x000000008c600000, 0x000000008c600000, 0x000000008c700000|  0%| F|  |TAMS 0x000000008c600000| PB 0x000000008c600000| Untracked 
| 199|0x000000008c700000, 0x000000008c7f2d28, 0x000000008c800000| 94%| E|  |TAMS 0x000000008c700000| PB 0x000000008c700000| Complete 
| 200|0x000000008c800000, 0x000000008c900000, 0x000000008c900000|100%| E|CS|TAMS 0x000000008c800000| PB 0x000000008c800000| Complete 
| 201|0x000000008c900000, 0x000000008ca00000, 0x000000008ca00000|100%| E|CS|TAMS 0x000000008c900000| PB 0x000000008c900000| Complete 
| 202|0x000000008ca00000, 0x000000008cb00000, 0x000000008cb00000|100%| E|CS|TAMS 0x000000008ca00000| PB 0x000000008ca00000| Complete 
| 203|0x000000008cb00000, 0x000000008cc00000, 0x000000008cc00000|100%| E|CS|TAMS 0x000000008cb00000| PB 0x000000008cb00000| Complete 
| 204|0x000000008cc00000, 0x000000008cd00000, 0x000000008cd00000|100%| E|CS|TAMS 0x000000008cc00000| PB 0x000000008cc00000| Complete 
| 205|0x000000008cd00000, 0x000000008ce00000, 0x000000008ce00000|100%| E|CS|TAMS 0x000000008cd00000| PB 0x000000008cd00000| Complete 
| 223|0x000000008df00000, 0x000000008e000000, 0x000000008e000000|100%| E|CS|TAMS 0x000000008df00000| PB 0x000000008df00000| Complete 
|2042|0x00000000ffa00000, 0x00000000ffb00000, 0x00000000ffb00000|100%| E|CS|TAMS 0x00000000ffa00000| PB 0x00000000ffa00000| Complete 
|2043|0x00000000ffb00000, 0x00000000ffc00000, 0x00000000ffc00000|100%| E|CS|TAMS 0x00000000ffb00000| PB 0x00000000ffb00000| Complete 
|2044|0x00000000ffc00000, 0x00000000ffd00000, 0x00000000ffd00000|100%| E|CS|TAMS 0x00000000ffc00000| PB 0x00000000ffc00000| Complete 
|2045|0x00000000ffd00000, 0x00000000ffe00000, 0x00000000ffe00000|100%| O|  |TAMS 0x00000000ffd00000| PB 0x00000000ffd00000| Untracked 
|2046|0x00000000ffe00000, 0x00000000fff00000, 0x00000000fff00000|100%| O|  |TAMS 0x00000000ffe00000| PB 0x00000000ffe00000| Untracked 
|2047|0x00000000fff00000, 0x0000000100000000, 0x0000000100000000|100%| E|CS|TAMS 0x00000000fff00000| PB 0x00000000fff00000| Complete 

Card table byte_map: [0x000001f8fe550000,0x000001f8fe950000] _byte_map_base: 0x000001f8fe150000

Marking Bits: (CMBitMap*) 0x000001f8fab05b60
 Bits: [0x000001f88f000000, 0x000001f891000000)

Polling page: 0x000001f8f8860000

Metaspace:

Usage:
  Non-class:     90.78 MB used.
      Class:     14.74 MB used.
       Both:    105.52 MB used.

Virtual space:
  Non-class space:      128.00 MB reserved,      91.88 MB ( 72%) committed,  2 nodes.
      Class space:        1.00 GB reserved,      15.88 MB (  2%) committed,  1 nodes.
             Both:        1.12 GB reserved,     107.75 MB (  9%) committed. 

Chunk freelists:
   Non-Class:  3.88 MB
       Class:  112.00 KB
        Both:  3.98 MB

MaxMetaspaceSize: unlimited
CompressedClassSpaceSize: 1.00 GB
Initial GC threshold: 21.00 MB
Current GC threshold: 177.81 MB
CDS: off
 - commit_granule_bytes: 65536.
 - commit_granule_words: 8192.
 - virtual_space_node_default_size: 8388608.
 - enlarge_chunks_in_place: 1.
 - use_allocation_guard: 0.


Internal statistics:

num_allocs_failed_limit: 9.
num_arena_births: 4282.
num_arena_deaths: 0.
num_vsnodes_births: 3.
num_vsnodes_deaths: 0.
num_space_committed: 1724.
num_space_uncommitted: 0.
num_chunks_returned_to_freelist: 9.
num_chunks_taken_from_freelist: 8982.
num_chunk_merges: 9.
num_chunk_splits: 5835.
num_chunks_enlarged: 3600.
num_inconsistent_stats: 0.

CodeHeap 'non-profiled nmethods': size=120000Kb used=6679Kb max_used=6679Kb free=113320Kb
 bounds [0x000001f887ad0000, 0x000001f888160000, 0x000001f88f000000]
CodeHeap 'profiled nmethods': size=120000Kb used=19564Kb max_used=19564Kb free=100435Kb
 bounds [0x000001f880000000, 0x000001f881320000, 0x000001f887530000]
CodeHeap 'non-nmethods': size=5760Kb used=2872Kb max_used=2949Kb free=2887Kb
 bounds [0x000001f887530000, 0x000001f887820000, 0x000001f887ad0000]
 total_blobs=11549 nmethods=10559 adapters=893
 compilation: enabled
              stopped_count=0, restarted_count=0
 full_count=0

Compilation events (20 events):
Event: 16.230 Thread 0x000001f8ff853b80 12464   !   3       org.gradle.internal.serialize.kryo.KryoBackedDecoder::readSmallLong (16 bytes)
Event: 16.230 Thread 0x000001f8ff853b80 nmethod 12464 0x000001f8812f9690 code [0x000001f8812f98c0, 0x000001f8812f9ec8]
Event: 16.230 Thread 0x000001f8ff853b80 12463       3       org.gradle.api.internal.file.CompositeFileCollection$$Lambda/0x00000001007ebc38::<init> (10 bytes)
Event: 16.230 Thread 0x000001f8ff853b80 nmethod 12463 0x000001f8812fa110 code [0x000001f8812fa2c0, 0x000001f8812fa478]
Event: 16.230 Thread 0x000001f8ff853b80 12465       3       org.gradle.internal.snapshot.AbstractIncompleteFileSystemNode$$Lambda/0x0000000100572770::apply (8 bytes)
Event: 16.231 Thread 0x000001f8ff853b80 nmethod 12465 0x000001f8812fa510 code [0x000001f8812fa6c0, 0x000001f8812fa8e0]
Event: 16.231 Thread 0x000001f8ff853b80 12466       3       org.gradle.internal.snapshot.AbstractIncompleteFileSystemNode::anyChildMatches (23 bytes)
Event: 16.231 Thread 0x000001f8ff853b80 nmethod 12466 0x000001f8812faa10 code [0x000001f8812fac20, 0x000001f8812fb2e8]
Event: 16.231 Thread 0x000001f8ff853b80 12467       3       org.gradle.api.internal.file.CompositeFileCollection$$Lambda/0x00000001007ebc38::accept (12 bytes)
Event: 16.231 Thread 0x000001f8ff853b80 nmethod 12467 0x000001f8812fb590 code [0x000001f8812fb780, 0x000001f8812fbcc8]
Event: 16.231 Thread 0x000001f8ff853b80 12468       3       org.gradle.api.internal.file.CompositeFileCollection::lambda$visitContents$0 (8 bytes)
Event: 16.231 Thread 0x000001f8ff853b80 nmethod 12468 0x000001f8812fbe90 code [0x000001f8812fc060, 0x000001f8812fc430]
Event: 16.232 Thread 0x000001f89aae6d50 nmethod 12452 0x000001f88814f390 code [0x000001f88814f560, 0x000001f88814f900]
Event: 16.232 Thread 0x000001f89aae6d50 12449       4       org.gradle.internal.Try$Success::map (14 bytes)
Event: 16.233 Thread 0x000001f89aae6d50 nmethod 12449 0x000001f88814fc90 code [0x000001f88814fe40, 0x000001f888150060]
Event: 16.242 Thread 0x000001f89aae58e0 nmethod 12451 0x000001f888150190 code [0x000001f888150440, 0x000001f888151490]
Event: 16.246 Thread 0x000001f8ff853b80 12469   !   3       java.io.ObjectOutputStream::writeOrdinaryObject (196 bytes)
Event: 16.250 Thread 0x000001f89aae58e0 12473       4       org.gradle.internal.logging.events.OutputEvent::<init> (5 bytes)
Event: 16.250 Thread 0x000001f89aae58e0 nmethod 12473 0x000001f888151e10 code [0x000001f888151fa0, 0x000001f888152028]
Event: 16.250 Thread 0x000001f89aae58e0 12477       4       java.util.TimSort::countRunAndMakeAscending (128 bytes)

GC Heap History (20 events):
Event: 11.675 GC heap before
{Heap before GC invocations=28 (full 0):
 garbage-first heap   total 133120K, used 118228K [0x0000000080000000, 0x0000000100000000)
  region size 1024K, 48 young (49152K), 7 survivors (7168K)
 Metaspace       used 87815K, committed 89728K, reserved 1179648K
  class space    used 11990K, committed 12928K, reserved 1048576K
}
Event: 11.680 GC heap after
{Heap after GC invocations=29 (full 0):
 garbage-first heap   total 133120K, used 80121K [0x0000000080000000, 0x0000000100000000)
  region size 1024K, 5 young (5120K), 5 survivors (5120K)
 Metaspace       used 87815K, committed 89728K, reserved 1179648K
  class space    used 11990K, committed 12928K, reserved 1048576K
}
Event: 12.168 GC heap before
{Heap before GC invocations=29 (full 0):
 garbage-first heap   total 133120K, used 120057K [0x0000000080000000, 0x0000000100000000)
  region size 1024K, 44 young (45056K), 5 survivors (5120K)
 Metaspace       used 90404K, committed 92416K, reserved 1179648K
  class space    used 12355K, committed 13376K, reserved 1048576K
}
Event: 12.172 GC heap after
{Heap after GC invocations=30 (full 0):
 garbage-first heap   total 133120K, used 81560K [0x0000000080000000, 0x0000000100000000)
  region size 1024K, 4 young (4096K), 4 survivors (4096K)
 Metaspace       used 90404K, committed 92416K, reserved 1179648K
  class space    used 12355K, committed 13376K, reserved 1048576K
}
Event: 12.791 GC heap before
{Heap before GC invocations=31 (full 0):
 garbage-first heap   total 138240K, used 119448K [0x0000000080000000, 0x0000000100000000)
  region size 1024K, 41 young (41984K), 4 survivors (4096K)
 Metaspace       used 93379K, committed 95424K, reserved 1179648K
  class space    used 12856K, committed 13888K, reserved 1048576K
}
Event: 12.794 GC heap after
{Heap after GC invocations=32 (full 0):
 garbage-first heap   total 138240K, used 82804K [0x0000000080000000, 0x0000000100000000)
  region size 1024K, 2 young (2048K), 2 survivors (2048K)
 Metaspace       used 93379K, committed 95424K, reserved 1179648K
  class space    used 12856K, committed 13888K, reserved 1048576K
}
Event: 13.435 GC heap before
{Heap before GC invocations=32 (full 0):
 garbage-first heap   total 138240K, used 124788K [0x0000000080000000, 0x0000000100000000)
  region size 1024K, 43 young (44032K), 2 survivors (2048K)
 Metaspace       used 96679K, committed 98816K, reserved 1179648K
  class space    used 13388K, committed 14400K, reserved 1048576K
}
Event: 13.439 GC heap after
{Heap after GC invocations=33 (full 0):
 garbage-first heap   total 138240K, used 82862K [0x0000000080000000, 0x0000000100000000)
  region size 1024K, 4 young (4096K), 4 survivors (4096K)
 Metaspace       used 96679K, committed 98816K, reserved 1179648K
  class space    used 13388K, committed 14400K, reserved 1048576K
}
Event: 14.110 GC heap before
{Heap before GC invocations=33 (full 0):
 garbage-first heap   total 138240K, used 124846K [0x0000000080000000, 0x0000000100000000)
  region size 1024K, 45 young (46080K), 4 survivors (4096K)
 Metaspace       used 99992K, committed 102144K, reserved 1179648K
  class space    used 13870K, committed 14912K, reserved 1048576K
}
Event: 14.115 GC heap after
{Heap after GC invocations=34 (full 0):
 garbage-first heap   total 138240K, used 85392K [0x0000000080000000, 0x0000000100000000)
  region size 1024K, 5 young (5120K), 5 survivors (5120K)
 Metaspace       used 99992K, committed 102144K, reserved 1179648K
  class space    used 13870K, committed 14912K, reserved 1048576K
}
Event: 14.770 GC heap before
{Heap before GC invocations=35 (full 0):
 garbage-first heap   total 143360K, used 125328K [0x0000000080000000, 0x0000000100000000)
  region size 1024K, 44 young (45056K), 5 survivors (5120K)
 Metaspace       used 103792K, committed 105920K, reserved 1179648K
  class space    used 14460K, committed 15488K, reserved 1048576K
}
Event: 14.775 GC heap after
{Heap after GC invocations=36 (full 0):
 garbage-first heap   total 143360K, used 87098K [0x0000000080000000, 0x0000000100000000)
  region size 1024K, 5 young (5120K), 5 survivors (5120K)
 Metaspace       used 103792K, committed 105920K, reserved 1179648K
  class space    used 14460K, committed 15488K, reserved 1048576K
}
Event: 15.224 GC heap before
{Heap before GC invocations=36 (full 0):
 garbage-first heap   total 143360K, used 130106K [0x0000000080000000, 0x0000000100000000)
  region size 1024K, 47 young (48128K), 5 survivors (5120K)
 Metaspace       used 105385K, committed 107584K, reserved 1179648K
  class space    used 14684K, committed 15744K, reserved 1048576K
}
Event: 15.230 GC heap after
{Heap after GC invocations=37 (full 0):
 garbage-first heap   total 143360K, used 90551K [0x0000000080000000, 0x0000000100000000)
  region size 1024K, 6 young (6144K), 6 survivors (6144K)
 Metaspace       used 105385K, committed 107584K, reserved 1179648K
  class space    used 14684K, committed 15744K, reserved 1048576K
}
Event: 15.670 GC heap before
{Heap before GC invocations=37 (full 0):
 garbage-first heap   total 143360K, used 128439K [0x0000000080000000, 0x0000000100000000)
  region size 1024K, 44 young (45056K), 6 survivors (6144K)
 Metaspace       used 106770K, committed 108992K, reserved 1179648K
  class space    used 14905K, committed 16000K, reserved 1048576K
}
Event: 15.676 GC heap after
{Heap after GC invocations=38 (full 0):
 garbage-first heap   total 143360K, used 96998K [0x0000000080000000, 0x0000000100000000)
  region size 1024K, 6 young (6144K), 6 survivors (6144K)
 Metaspace       used 106770K, committed 108992K, reserved 1179648K
  class space    used 14905K, committed 16000K, reserved 1048576K
}
Event: 16.033 GC heap before
{Heap before GC invocations=39 (full 0):
 garbage-first heap   total 162816K, used 126694K [0x0000000080000000, 0x0000000100000000)
  region size 1024K, 36 young (36864K), 6 survivors (6144K)
 Metaspace       used 107857K, committed 110016K, reserved 1179648K
  class space    used 15071K, committed 16128K, reserved 1048576K
}
Event: 16.039 GC heap after
{Heap after GC invocations=40 (full 0):
 garbage-first heap   total 162816K, used 102094K [0x0000000080000000, 0x0000000100000000)
  region size 1024K, 5 young (5120K), 5 survivors (5120K)
 Metaspace       used 107857K, committed 110016K, reserved 1179648K
  class space    used 15071K, committed 16128K, reserved 1048576K
}
Event: 16.211 GC heap before
{Heap before GC invocations=40 (full 0):
 garbage-first heap   total 162816K, used 146126K [0x0000000080000000, 0x0000000100000000)
  region size 1024K, 49 young (50176K), 5 survivors (5120K)
 Metaspace       used 107908K, committed 110080K, reserved 1179648K
  class space    used 15075K, committed 16128K, reserved 1048576K
}
Event: 16.215 GC heap after
{Heap after GC invocations=41 (full 0):
 garbage-first heap   total 162816K, used 102866K [0x0000000080000000, 0x0000000100000000)
  region size 1024K, 4 young (4096K), 4 survivors (4096K)
 Metaspace       used 107908K, committed 110080K, reserved 1179648K
  class space    used 15075K, committed 16128K, reserved 1048576K
}

Dll operation events (3 events):
Event: 0.006 Loaded shared library C:\Program Files\Android\Android Studio\jbr\bin\java.dll
Event: 0.010 Loaded shared library C:\Program Files\Android\Android Studio\jbr\bin\zip.dll
Event: 0.503 Loaded shared library C:\Program Files\Android\Android Studio\jbr\bin\verify.dll

Deoptimization events (20 events):
Event: 16.217 Thread 0x000001f899f1dfd0 Uncommon trap: trap_request=0xffffffd6 fr.pc=0x000001f88814c6f8 relative=0x0000000000000698
Event: 16.217 Thread 0x000001f899f1dfd0 Uncommon trap: reason=array_check action=maybe_recompile pc=0x000001f88814c6f8 method=java.util.TimSort.reverseRange([Ljava/lang/Object;II)V @ 20 c2
Event: 16.217 Thread 0x000001f899f1dfd0 DEOPT PACKING pc=0x000001f88814c6f8 sp=0x0000005ec6afa050
Event: 16.217 Thread 0x000001f899f1dfd0 DEOPT UNPACKING pc=0x000001f8875846a2 sp=0x0000005ec6af9f80 mode 2
Event: 16.217 Thread 0x000001f899f1dfd0 Uncommon trap: trap_request=0xffffffd6 fr.pc=0x000001f88814c6f8 relative=0x0000000000000698
Event: 16.217 Thread 0x000001f899f1dfd0 Uncommon trap: reason=array_check action=maybe_recompile pc=0x000001f88814c6f8 method=java.util.TimSort.reverseRange([Ljava/lang/Object;II)V @ 20 c2
Event: 16.217 Thread 0x000001f899f1dfd0 DEOPT PACKING pc=0x000001f88814c6f8 sp=0x0000005ec6af9d20
Event: 16.217 Thread 0x000001f899f1dfd0 DEOPT UNPACKING pc=0x000001f8875846a2 sp=0x0000005ec6af9c50 mode 2
Event: 16.231 Thread 0x000001f899f1dfd0 Uncommon trap: trap_request=0xffffffc6 fr.pc=0x000001f887f2e3d4 relative=0x0000000000000674
Event: 16.231 Thread 0x000001f899f1dfd0 Uncommon trap: reason=bimorphic_or_optimized_type_check action=maybe_recompile pc=0x000001f887f2e3d4 method=org.gradle.internal.snapshot.MediumChildMap.withNode(Lorg/gradle/internal/snapshot/VfsRelativePath;Lorg/gradle/internal/snapshot/CaseSensitivity;Lo
Event: 16.231 Thread 0x000001f899f1dfd0 DEOPT PACKING pc=0x000001f887f2e3d4 sp=0x0000005ec6afccf0
Event: 16.231 Thread 0x000001f899f1dfd0 DEOPT UNPACKING pc=0x000001f8875846a2 sp=0x0000005ec6afccb8 mode 2
Event: 16.245 Thread 0x000001f899f1dfd0 Uncommon trap: trap_request=0xffffff45 fr.pc=0x000001f887ecffc4 relative=0x00000000000000a4
Event: 16.245 Thread 0x000001f899f1dfd0 Uncommon trap: reason=unstable_if action=reinterpret pc=0x000001f887ecffc4 method=com.google.common.collect.AbstractIterator.hasNext()Z @ 29 c2
Event: 16.245 Thread 0x000001f899f1dfd0 DEOPT PACKING pc=0x000001f887ecffc4 sp=0x0000005ec6afca60
Event: 16.245 Thread 0x000001f899f1dfd0 DEOPT UNPACKING pc=0x000001f8875846a2 sp=0x0000005ec6afca38 mode 2
Event: 16.249 Thread 0x000001f899f1dfd0 Uncommon trap: trap_request=0xffffffc6 fr.pc=0x000001f887f2e3d4 relative=0x0000000000000674
Event: 16.249 Thread 0x000001f899f1dfd0 Uncommon trap: reason=bimorphic_or_optimized_type_check action=maybe_recompile pc=0x000001f887f2e3d4 method=org.gradle.internal.snapshot.MediumChildMap.withNode(Lorg/gradle/internal/snapshot/VfsRelativePath;Lorg/gradle/internal/snapshot/CaseSensitivity;Lo
Event: 16.249 Thread 0x000001f899f1dfd0 DEOPT PACKING pc=0x000001f887f2e3d4 sp=0x0000005ec6afc9e0
Event: 16.249 Thread 0x000001f899f1dfd0 DEOPT UNPACKING pc=0x000001f8875846a2 sp=0x0000005ec6afc9a8 mode 2

Classes loaded (20 events):
Event: 14.699 Loading class java/io/CharConversionException done
Event: 14.699 Loading class com/sun/org/apache/xerces/internal/impl/io/MalformedByteSequenceException done
Event: 15.047 Loading class java/util/IdentityHashMap$KeyIterator
Event: 15.047 Loading class java/util/IdentityHashMap$KeyIterator done
Event: 15.055 Loading class java/util/TreeMap$KeySpliterator
Event: 15.055 Loading class java/util/TreeMap$TreeMapSpliterator
Event: 15.055 Loading class java/util/TreeMap$TreeMapSpliterator done
Event: 15.055 Loading class java/util/TreeMap$KeySpliterator done
Event: 15.327 Loading class java/io/FilterReader
Event: 15.327 Loading class java/io/FilterReader done
Event: 15.517 Loading class java/lang/management/RuntimeMXBean
Event: 15.517 Loading class java/lang/management/RuntimeMXBean done
Event: 15.518 Loading class sun/management/RuntimeImpl
Event: 15.518 Loading class sun/management/RuntimeImpl done
Event: 15.797 Loading class java/io/CharArrayWriter
Event: 15.797 Loading class java/io/CharArrayWriter done
Event: 15.803 Loading class java/io/SequenceInputStream
Event: 15.803 Loading class java/io/SequenceInputStream done
Event: 15.811 Loading class java/util/function/IntUnaryOperator
Event: 15.811 Loading class java/util/function/IntUnaryOperator done

Classes unloaded (0 events):
No events

Classes redefined (0 events):
No events

Internal exceptions (20 events):
Event: 15.426 Thread 0x000001f8989b8530 Exception <a 'java/lang/ClassNotFoundException'{0x000000008700f1a0}: com/android/build/gradle/internal/tasks/ListingFileRedirectTask_DecoratedCustomizer> (0x000000008700f1a0) 
thrown [s\src\hotspot\share\classfile\systemDictionary.cpp, line 312]
Event: 15.435 Thread 0x000001f8989b8530 Exception <a 'java/lang/NoSuchMethodError'{0x0000000087079960}: 'void java.lang.invoke.DirectMethodHandle$Holder.invokeSpecial(java.lang.Object, java.lang.Object, java.lang.Object, java.lang.Object, int, java.lang.Object, java.lang.Object)'> (0x0000000087079960) 
thrown [s\src\hotspot\share\interpreter\linkResolver.cpp, line 784]
Event: 15.536 Thread 0x000001f899f20dc0 Exception <a 'java/lang/NoSuchMethodError'{0x0000000086caf3d8}: 'java.lang.Object java.lang.invoke.DirectMethodHandle$Holder.newInvokeSpecial(java.lang.Object, java.lang.Object, int, java.lang.Object, java.lang.Object)'> (0x0000000086caf3d8) 
thrown [s\src\hotspot\share\interpreter\linkResolver.cpp, line 784]
Event: 15.603 Thread 0x000001f899f1dfd0 Exception <a 'java/lang/NoSuchMethodError'{0x0000000086854a80}: 'java.lang.Object java.lang.invoke.DirectMethodHandle$Holder.invokeVirtual(java.lang.Object, java.lang.Object, java.lang.Object, java.lang.Object, java.lang.Object, java.lang.Object, java.lang.Object, java.lang.Object, java.lang.Object, java.lang.Object, java.lang.Object, java.lang.Object, java.lang.Object, java.lang.Object, java.lang.Object, java.lang.Object, java.lang.Object, java.lang.Object, java.lang.Object)'> (0x0000000086854a80) 
thrown
Event: 15.619 Thread 0x000001f8989ecc50 Exception <a 'java/lang/NoSuchMethodError'{0x000000008674b920}: static Lorg/gradle/internal/build/event/types/DefaultTaskStartedProgressEvent;.<clinit>()V> (0x000000008674b920) 
thrown [s\src\hotspot\share\prims\jni.cpp, line 1144]
Event: 15.620 Thread 0x000001f8989ecc50 Exception <a 'java/lang/NoSuchMethodError'{0x0000000086756c38}: static Lorg/gradle/internal/build/event/types/DefaultTaskDescriptor;.<clinit>()V> (0x0000000086756c38) 
thrown [s\src\hotspot\share\prims\jni.cpp, line 1144]
Event: 15.625 Thread 0x000001f8989ecc50 Exception <a 'java/lang/NoSuchMethodError'{0x00000000867829a0}: static Lorg/gradle/internal/build/event/types/DefaultTaskFinishedProgressEvent;.<clinit>()V> (0x00000000867829a0) 
thrown [s\src\hotspot\share\prims\jni.cpp, line 1144]
Event: 15.626 Thread 0x000001f8989ecc50 Exception <a 'java/lang/NoSuchMethodError'{0x00000000867c5090}: static Lorg/gradle/internal/build/event/types/DefaultTaskSuccessResult;.<clinit>()V> (0x00000000867c5090) 
thrown [s\src\hotspot\share\prims\jni.cpp, line 1144]
Event: 15.627 Thread 0x000001f8989ecc50 Exception <a 'java/lang/NoSuchMethodError'{0x00000000867c67c8}: static Lorg/gradle/internal/build/event/types/AbstractTaskResult;.<clinit>()V> (0x00000000867c67c8) 
thrown [s\src\hotspot\share\prims\jni.cpp, line 1144]
Event: 15.649 Thread 0x000001f89d5b4300 Exception <a 'java/lang/NoSuchMethodError'{0x0000000086563d30}: static Lcom/android/buildanalyzer/common/AndroidGradlePluginAttributionData$BuildInfo;.<clinit>()V> (0x0000000086563d30) 
thrown [s\src\hotspot\share\prims\jni.cpp, line 1144]
Event: 15.651 Thread 0x000001f89d5b4300 Exception <a 'java/lang/NoSuchMethodError'{0x000000008657be00}: static Lcom/android/buildanalyzer/common/AndroidGradlePluginAttributionData$JavaInfo;.<clinit>()V> (0x000000008657be00) 
thrown [s\src\hotspot\share\prims\jni.cpp, line 1144]
Event: 15.654 Thread 0x000001f89d5b4300 Exception <a 'java/lang/NoSuchMethodError'{0x00000000865c3318}: static [Ljava/lang/String;.<clinit>()V> (0x00000000865c3318) 
thrown [s\src\hotspot\share\prims\jni.cpp, line 1144]
Event: 15.656 Thread 0x000001f89d5b4300 Exception <a 'java/lang/NoSuchMethodError'{0x0000000086402498}: static Lcom/android/buildanalyzer/common/AndroidGradlePluginAttributionData$TaskInfo;.<clinit>()V> (0x0000000086402498) 
thrown [s\src\hotspot\share\prims\jni.cpp, line 1144]
Event: 15.657 Thread 0x000001f89d5b4300 Exception <a 'java/lang/NoSuchMethodError'{0x0000000086411be8}: static Lcom/android/buildanalyzer/common/AndroidGradlePluginAttributionData$TaskCategoryInfo;.<clinit>()V> (0x0000000086411be8) 
thrown [s\src\hotspot\share\prims\jni.cpp, line 1144]
Event: 15.658 Thread 0x000001f899f1dfd0 Exception <a 'sun/nio/fs/WindowsException'{0x00000000865cd210}> (0x00000000865cd210) 
thrown [s\src\hotspot\share\prims\jni.cpp, line 537]
Event: 15.691 Thread 0x000001f8989ecc50 Exception <a 'java/lang/NoSuchMethodError'{0x00000000ffc76ab0}: static Lorg/gradle/internal/build/event/types/DefaultTaskSkippedResult;.<clinit>()V> (0x00000000ffc76ab0) 
thrown [s\src\hotspot\share\prims\jni.cpp, line 1144]
Event: 15.713 Thread 0x000001f899f20dc0 Exception <a 'java/lang/IncompatibleClassChangeError'{0x00000000ffb203b0}: Found class java.lang.Object, but interface was expected> (0x00000000ffb203b0) 
thrown [s\src\hotspot\share\interpreter\linkResolver.cpp, line 851]
Event: 15.746 Thread 0x000001f899f20dc0 Exception <a 'java/lang/NoSuchMethodError'{0x00000000ffa65790}: 'int java.lang.invoke.DirectMethodHandle$Holder.invokeStaticInit(java.lang.Object, java.lang.Object, java.lang.Object, java.lang.Object, java.lang.Object)'> (0x00000000ffa65790) 
thrown [s\src\hotspot\share\interpreter\linkResolver.cpp, line 784]
Event: 15.811 Thread 0x000001f899f1dfd0 Exception <a 'java/lang/NoSuchMethodError'{0x000000008cdfe310}: 'int java.lang.invoke.DirectMethodHandle$Holder.invokeSpecial(java.lang.Object, java.lang.Object, int)'> (0x000000008cdfe310) 
thrown [s\src\hotspot\share\interpreter\linkResolver.cpp, line 784]
Event: 15.997 Thread 0x000001f89d83aa40 Implicit null exception at 0x000001f888115d69 to 0x000001f888115e14

ZGC Phase Switch (0 events):
No events

VM Operations (20 events):
Event: 15.670 Executing VM operation: HandshakeAllThreads (Deoptimize)
Event: 15.670 Executing VM operation: HandshakeAllThreads (Deoptimize) done
Event: 15.670 Executing VM operation: G1CollectForAllocation (G1 Evacuation Pause)
Event: 15.676 Executing VM operation: G1CollectForAllocation (G1 Evacuation Pause) done
Event: 15.717 Executing VM operation: HandshakeAllThreads (Deoptimize)
Event: 15.717 Executing VM operation: HandshakeAllThreads (Deoptimize) done
Event: 15.718 Executing VM operation: G1PauseRemark
Event: 15.722 Executing VM operation: G1PauseRemark done
Event: 15.740 Executing VM operation: G1PauseCleanup
Event: 15.740 Executing VM operation: G1PauseCleanup done
Event: 15.760 Executing VM operation: HandshakeAllThreads (Deoptimize)
Event: 15.760 Executing VM operation: HandshakeAllThreads (Deoptimize) done
Event: 15.975 Executing VM operation: ICBufferFull
Event: 15.975 Executing VM operation: ICBufferFull done
Event: 16.033 Executing VM operation: G1CollectForAllocation (G1 Evacuation Pause)
Event: 16.039 Executing VM operation: G1CollectForAllocation (G1 Evacuation Pause) done
Event: 16.189 Executing VM operation: HandshakeAllThreads (Deoptimize)
Event: 16.190 Executing VM operation: HandshakeAllThreads (Deoptimize) done
Event: 16.211 Executing VM operation: G1CollectForAllocation (G1 Evacuation Pause)
Event: 16.215 Executing VM operation: G1CollectForAllocation (G1 Evacuation Pause) done

Memory protections (0 events):
No events

Nmethod flushes (20 events):
Event: 15.721 Thread 0x000001f8ff7692b0 flushing  nmethod 0x000001f880848e10
Event: 15.721 Thread 0x000001f8ff7692b0 flushing  nmethod 0x000001f88089b310
Event: 15.721 Thread 0x000001f8ff7692b0 flushing  nmethod 0x000001f8809df590
Event: 15.721 Thread 0x000001f8ff7692b0 flushing  nmethod 0x000001f880b19b10
Event: 15.721 Thread 0x000001f8ff7692b0 flushing  nmethod 0x000001f880bbaf10
Event: 15.721 Thread 0x000001f8ff7692b0 flushing  nmethod 0x000001f880bbbc90
Event: 15.721 Thread 0x000001f8ff7692b0 flushing  nmethod 0x000001f880da3c90
Event: 15.721 Thread 0x000001f8ff7692b0 flushing  nmethod 0x000001f880fb5790
Event: 15.721 Thread 0x000001f8ff7692b0 flushing  nmethod 0x000001f887b6d990
Event: 15.721 Thread 0x000001f8ff7692b0 flushing  nmethod 0x000001f887bae510
Event: 15.721 Thread 0x000001f8ff7692b0 flushing  nmethod 0x000001f887f18a90
Event: 15.721 Thread 0x000001f8ff7692b0 flushing  nmethod 0x000001f88001c890
Event: 15.721 Thread 0x000001f8ff7692b0 flushing  nmethod 0x000001f88004e490
Event: 15.721 Thread 0x000001f8ff7692b0 flushing  nmethod 0x000001f8801ee110
Event: 15.721 Thread 0x000001f8ff7692b0 flushing  nmethod 0x000001f88029d290
Event: 15.721 Thread 0x000001f8ff7692b0 flushing  nmethod 0x000001f8806e8e10
Event: 15.721 Thread 0x000001f8ff7692b0 flushing  nmethod 0x000001f8807bd610
Event: 15.721 Thread 0x000001f8ff7692b0 flushing  nmethod 0x000001f8808ddb90
Event: 15.721 Thread 0x000001f8ff7692b0 flushing  nmethod 0x000001f8808dde90
Event: 15.721 Thread 0x000001f8ff7692b0 flushing  nmethod 0x000001f88097e990

Events (20 events):
Event: 15.975 Thread 0x000001f899f1dfd0 Thread added: 0x000001f89d5b2f50
Event: 15.975 Thread 0x000001f899f1dfd0 Thread added: 0x000001f89d83bdf0
Event: 15.975 Thread 0x000001f899f1dfd0 Thread added: 0x000001f89d83b0d0
Event: 15.976 Thread 0x000001f899f1dfd0 Thread added: 0x000001f89d839690
Event: 15.976 Thread 0x000001f899f1dfd0 Thread added: 0x000001f89d83b760
Event: 15.976 Thread 0x000001f899f1dfd0 Thread added: 0x000001f89d839000
Event: 15.976 Thread 0x000001f899f1dfd0 Thread added: 0x000001f89d839d20
Event: 15.977 Thread 0x000001f899f1dfd0 Thread added: 0x000001f89d83a3b0
Event: 15.977 Thread 0x000001f899f1dfd0 Thread added: 0x000001f89d83aa40
Event: 16.196 Thread 0x000001f899f1dfd0 Thread added: 0x000001f89d838970
Event: 16.197 Thread 0x000001f899f1dfd0 Thread added: 0x000001f89d83c480
Event: 16.198 Thread 0x000001f899f1dfd0 Thread added: 0x000001f89d83f270
Event: 16.198 Thread 0x000001f899f1dfd0 Thread added: 0x000001f89d83d1a0
Event: 16.199 Thread 0x000001f899f1dfd0 Thread added: 0x000001f89d83ebe0
Event: 16.200 Thread 0x000001f899f1dfd0 Thread added: 0x000001f89d83ff90
Event: 16.202 Thread 0x000001f899f1dfd0 Thread added: 0x000001f89d83f900
Event: 16.203 Thread 0x000001f899f1dfd0 Thread added: 0x000001f89d83cb10
Event: 16.203 Thread 0x000001f899f1dfd0 Thread added: 0x000001f89d83d830
Event: 16.204 Thread 0x000001f899f1dfd0 Thread added: 0x000001f89d83dec0
Event: 16.205 Thread 0x000001f899f1dfd0 Thread added: 0x000001f89d83e550


Dynamic libraries:
0x00007ff655420000 - 0x00007ff65542a000 	C:\Program Files\Android\Android Studio\jbr\bin\java.exe
0x00007ff81b6c0000 - 0x00007ff81b927000 	C:\WINDOWS\SYSTEM32\ntdll.dll
0x00007ff81a250000 - 0x00007ff81a319000 	C:\WINDOWS\System32\KERNEL32.DLL
0x00007ff818c60000 - 0x00007ff81904f000 	C:\WINDOWS\System32\KERNELBASE.dll
0x00007ff819310000 - 0x00007ff81945b000 	C:\WINDOWS\System32\ucrtbase.dll
0x00007ff80ec10000 - 0x00007ff80ec2b000 	C:\Program Files\Android\Android Studio\jbr\bin\VCRUNTIME140.dll
0x00007ff811bf0000 - 0x00007ff811c08000 	C:\Program Files\Android\Android Studio\jbr\bin\jli.dll
0x00007ff819f60000 - 0x00007ff81a125000 	C:\WINDOWS\System32\USER32.dll
0x00007ff808700000 - 0x00007ff808993000 	C:\WINDOWS\WinSxS\amd64_microsoft.windows.common-controls_6595b64144ccf1df_6.0.26100.7309_none_3e05feeae336a044\COMCTL32.dll
0x00007ff818810000 - 0x00007ff818837000 	C:\WINDOWS\System32\win32u.dll
0x00007ff8194b0000 - 0x00007ff8194db000 	C:\WINDOWS\System32\GDI32.dll
0x00007ff81b5d0000 - 0x00007ff81b679000 	C:\WINDOWS\System32\msvcrt.dll
0x00007ff818b30000 - 0x00007ff818c5c000 	C:\WINDOWS\System32\gdi32full.dll
0x00007ff819110000 - 0x00007ff8191b3000 	C:\WINDOWS\System32\msvcp_win.dll
0x00007ff81aea0000 - 0x00007ff81aed1000 	C:\WINDOWS\System32\IMM32.DLL
0x00007ff8130a0000 - 0x00007ff8130ac000 	C:\Program Files\Android\Android Studio\jbr\bin\vcruntime140_1.dll
0x00007ffffe260000 - 0x00007ffffe2ed000 	C:\Program Files\Android\Android Studio\jbr\bin\msvcp140.dll
0x00007fffc63e0000 - 0x00007fffc706e000 	C:\Program Files\Android\Android Studio\jbr\bin\server\jvm.dll
0x00007ff81aa30000 - 0x00007ff81aae4000 	C:\WINDOWS\System32\ADVAPI32.dll
0x00007ff81ad40000 - 0x00007ff81ade6000 	C:\WINDOWS\System32\sechost.dll
0x00007ff81a130000 - 0x00007ff81a248000 	C:\WINDOWS\System32\RPCRT4.dll
0x00007ff81aaf0000 - 0x00007ff81ab64000 	C:\WINDOWS\System32\WS2_32.dll
0x00007ff818670000 - 0x00007ff8186ce000 	C:\WINDOWS\SYSTEM32\POWRPROF.dll
0x00007ff811c10000 - 0x00007ff811c45000 	C:\WINDOWS\SYSTEM32\WINMM.dll
0x00007ff8123b0000 - 0x00007ff8123bb000 	C:\WINDOWS\SYSTEM32\VERSION.dll
0x00007ff818650000 - 0x00007ff818664000 	C:\WINDOWS\SYSTEM32\UMPDC.dll
0x00007ff817580000 - 0x00007ff81759b000 	C:\WINDOWS\SYSTEM32\kernel.appcore.dll
0x00007ff811be0000 - 0x00007ff811bea000 	C:\Program Files\Android\Android Studio\jbr\bin\jimage.dll
0x00007ff80edc0000 - 0x00007ff80f002000 	C:\WINDOWS\SYSTEM32\DBGHELP.DLL
0x00007ff81aee0000 - 0x00007ff81b266000 	C:\WINDOWS\System32\combase.dll
0x00007ff81a950000 - 0x00007ff81aa26000 	C:\WINDOWS\System32\OLEAUT32.dll
0x00007ff808210000 - 0x00007ff80824c000 	C:\WINDOWS\SYSTEM32\dbgcore.DLL
0x00007ff819060000 - 0x00007ff819105000 	C:\WINDOWS\System32\bcryptPrimitives.dll
0x00007ff813880000 - 0x00007ff81388e000 	C:\Program Files\Android\Android Studio\jbr\bin\instrument.dll
0x00007ff80daa0000 - 0x00007ff80dac0000 	C:\Program Files\Android\Android Studio\jbr\bin\java.dll
0x00007ff803b40000 - 0x00007ff803b58000 	C:\Program Files\Android\Android Studio\jbr\bin\zip.dll
0x00007ff819800000 - 0x00007ff819f53000 	C:\WINDOWS\System32\SHELL32.dll
0x00007ff8189c0000 - 0x00007ff818b2a000 	C:\WINDOWS\System32\wintypes.dll
0x00007ff8163f0000 - 0x00007ff816c4e000 	C:\WINDOWS\SYSTEM32\windows.storage.dll
0x00007ff81ac40000 - 0x00007ff81ad35000 	C:\WINDOWS\System32\SHCORE.dll
0x00007ff819790000 - 0x00007ff8197f6000 	C:\WINDOWS\System32\shlwapi.dll
0x00007ff818730000 - 0x00007ff818759000 	C:\WINDOWS\SYSTEM32\profapi.dll
0x00007ff80ebc0000 - 0x00007ff80ebd0000 	C:\Program Files\Android\Android Studio\jbr\bin\net.dll
0x00007ff812250000 - 0x00007ff812378000 	C:\WINDOWS\SYSTEM32\WINHTTP.dll
0x00007ff817ad0000 - 0x00007ff817b3b000 	C:\WINDOWS\system32\mswsock.dll
0x00007ff802510000 - 0x00007ff802526000 	C:\Program Files\Android\Android Studio\jbr\bin\nio.dll
0x00007ff80db30000 - 0x00007ff80db40000 	C:\Program Files\Android\Android Studio\jbr\bin\verify.dll
0x00007ff80ebd0000 - 0x00007ff80ebf7000 	C:\Users\Usuario\.gradle\native\1def1411415f61bf3af743bc5b6707747c0891f09f0c88961ee8f79bc544acac\windows-amd64\native-platform.dll
0x00007ffff1610000 - 0x00007ffff1688000 	C:\Users\Usuario\.gradle\native\0.2.7\x86_64-windows-gnu\gradle-fileevents.dll
0x00007ff8008e0000 - 0x00007ff8008e9000 	C:\Program Files\Android\Android Studio\jbr\bin\management.dll
0x00007ff800740000 - 0x00007ff80074b000 	C:\Program Files\Android\Android Studio\jbr\bin\management_ext.dll
0x00007ff8194e0000 - 0x00007ff8194e8000 	C:\WINDOWS\System32\PSAPI.DLL
0x00007ff816f70000 - 0x00007ff816fa4000 	C:\WINDOWS\SYSTEM32\IPHLPAPI.DLL
0x00007ff81a7d0000 - 0x00007ff81a7da000 	C:\WINDOWS\System32\NSI.dll
0x00007ff800930000 - 0x00007ff800939000 	C:\Program Files\Android\Android Studio\jbr\bin\extnet.dll
0x00007ff817ec0000 - 0x00007ff817edb000 	C:\WINDOWS\SYSTEM32\CRYPTSP.dll
0x00007ff8174e0000 - 0x00007ff81751a000 	C:\WINDOWS\system32\rsaenh.dll
0x00007ff817b80000 - 0x00007ff817bab000 	C:\WINDOWS\SYSTEM32\USERENV.dll
0x00007ff818700000 - 0x00007ff81872a000 	C:\WINDOWS\SYSTEM32\bcrypt.dll
0x00007ff817d20000 - 0x00007ff817d2c000 	C:\WINDOWS\SYSTEM32\CRYPTBASE.dll
0x00007ff80c5c0000 - 0x00007ff80c5c8000 	C:\WINDOWS\system32\wshunix.dll

dbghelp: loaded successfully - version: 4.0.5 - missing functions: none
symbol engine: initialized successfully - sym options: 0x614 - pdb path: .;C:\Program Files\Android\Android Studio\jbr\bin;C:\WINDOWS\SYSTEM32;C:\WINDOWS\WinSxS\amd64_microsoft.windows.common-controls_6595b64144ccf1df_6.0.26100.7309_none_3e05feeae336a044;C:\Program Files\Android\Android Studio\jbr\bin\server;C:\Users\Usuario\.gradle\native\1def1411415f61bf3af743bc5b6707747c0891f09f0c88961ee8f79bc544acac\windows-amd64;C:\Users\Usuario\.gradle\native\0.2.7\x86_64-windows-gnu

VM Arguments:
jvm_args: --add-opens=java.base/java.lang=ALL-UNNAMED --add-opens=java.base/java.lang.invoke=ALL-UNNAMED --add-opens=java.base/java.util=ALL-UNNAMED --add-opens=java.prefs/java.util.prefs=ALL-UNNAMED --add-exports=jdk.compiler/com.sun.tools.javac.api=ALL-UNNAMED --add-exports=jdk.compiler/com.sun.tools.javac.util=ALL-UNNAMED --add-opens=java.base/java.util=ALL-UNNAMED --add-opens=java.prefs/java.util.prefs=ALL-UNNAMED --add-opens=java.base/java.nio.charset=ALL-UNNAMED --add-opens=java.base/java.net=ALL-UNNAMED --add-opens=java.base/java.util.concurrent.atomic=ALL-UNNAMED --add-opens=java.xml/javax.xml.namespace=ALL-UNNAMED -Xmx2048m -Dfile.encoding=UTF-8 -Duser.country=ES -Duser.language=es -Duser.variant -javaagent:C:\Users\Usuario\.gradle\wrapper\dists\gradle-8.13-bin\5xuhj0ry160q40clulazy9h7d\gradle-8.13\lib\agents\gradle-instrumentation-agent-8.13.jar 
java_command: org.gradle.launcher.daemon.bootstrap.GradleDaemon 8.13
java_class_path (initial): C:\Users\Usuario\.gradle\wrapper\dists\gradle-8.13-bin\5xuhj0ry160q40clulazy9h7d\gradle-8.13\lib\gradle-daemon-main-8.13.jar
Launcher Type: SUN_STANDARD

[Global flags]
     intx CICompilerCount                          = 4                                         {product} {ergonomic}
     uint ConcGCThreads                            = 3                                         {product} {ergonomic}
     uint G1ConcRefinementThreads                  = 10                                        {product} {ergonomic}
   size_t G1HeapRegionSize                         = 1048576                                   {product} {ergonomic}
    uintx GCDrainStackTargetSize                   = 64                                        {product} {ergonomic}
   size_t InitialHeapSize                          = 234881024                                 {product} {ergonomic}
   size_t MarkStackSize                            = 4194304                                   {product} {ergonomic}
   size_t MaxHeapSize                              = 2147483648                                {product} {command line}
   size_t MaxNewSize                               = 1287651328                                {product} {ergonomic}
   size_t MinHeapDeltaBytes                        = 1048576                                   {product} {ergonomic}
   size_t MinHeapSize                              = 8388608                                   {product} {ergonomic}
    uintx NonNMethodCodeHeapSize                   = 5839372                                {pd product} {ergonomic}
    uintx NonProfiledCodeHeapSize                  = 122909434                              {pd product} {ergonomic}
    uintx ProfiledCodeHeapSize                     = 122909434                              {pd product} {ergonomic}
    uintx ReservedCodeCacheSize                    = 251658240                              {pd product} {ergonomic}
     bool SegmentedCodeCache                       = true                                      {product} {ergonomic}
   size_t SoftMaxHeapSize                          = 2147483648                             {manageable} {ergonomic}
     bool UseCompressedOops                        = true                           {product lp64_product} {ergonomic}
     bool UseG1GC                                  = true                                      {product} {ergonomic}
     bool UseLargePagesIndividualAllocation        = false                                  {pd product} {ergonomic}

Logging:
Log output configuration:
 #0: stdout all=warning uptime,level,tags foldmultilines=false
 #1: stderr all=off uptime,level,tags foldmultilines=false

Environment Variables:
PATH=C:\Program Files\Common Files\Oracle\Java\javapath;C:\Program Files (x86)\Common Files\Oracle\Java\javapath;C:\WINDOWS\system32;C:\WINDOWS;C:\WINDOWS\System32\Wbem;C:\WINDOWS\System32\WindowsPowerShell\v1.0\;C:\WINDOWS\System32\OpenSSH\;C:\Program Files\Git\cmd;C:\Program Files\nodejs\;C:\Users\Usuario\AppData\Local\Programs\Python\Python313\Scripts\;C:\Users\Usuario\AppData\Local\Programs\Python\Python313\;C:\Users\Usuario\AppData\Local\Microsoft\WindowsApps;C:\Program Files\JetBrains\IntelliJ IDEA Community Edition 2025.2.1\bin;C:\Users\Usuario\AppData\Roaming\npm;C:\Program Files\JetBrains\WebStorm 2025.2.3\bin;C:\Users\Usuario\AppData\Local\JetBrains\Toolbox\scripts;C:\Program Files\JetBrains\WebStorm 2025.2.4\bin;C:\Program Files\JetBrains\PyCharm 2025.2.1.1\bin
USERNAME=Usuario
OS=Windows_NT
PROCESSOR_IDENTIFIER=AMD64 Family 23 Model 96 Stepping 1, AuthenticAMD
TMP=C:\Users\Usuario\AppData\Local\Temp
TEMP=C:\Users\Usuario\AppData\Local\Temp




Periodic native trim disabled

JNI global refs:
JNI global refs: 29, weak refs: 4

JNI global refs memory usage: 835, weak refs: 833

Process memory usage:
Resident Set Size: 475852K (3% of 14570588K total physical memory with 3472316K free physical memory)

OOME stack traces (most recent first):
Classloader memory used:
Loader org.gradle.internal.classloader.VisitableURLClassLoader                         : 43181K
Loader bootstrap                                                                       : 27837K
Loader org.gradle.internal.classloader.VisitableURLClassLoader$InstrumentingVisitableURLClassLoader: 22968K
Loader org.gradle.initialization.MixInLegacyTypesClassLoader                           : 12679K
Loader jdk.internal.loader.ClassLoaders$PlatformClassLoader                            : 539K
Loader jdk.internal.reflect.DelegatingClassLoader                                      : 292K
Loader jdk.internal.loader.ClassLoaders$AppClassLoader                                 : 235K
Loader org.gradle.internal.classloader.VisitableURLClassLoader                         : 159K
Loader org.gradle.groovy.scripts.internal.DefaultScriptCompilationHandler$ScriptClassLoader: 135K
Loader org.codehaus.groovy.runtime.callsite.CallSiteClassLoader                        : 27360B

Classes loaded by more than one classloader:
Class Program                                                                         : loaded 5 times (x 70B)
Class Build_gradle                                                                    : loaded 3 times (x 128B)
Class Build_gradle$1                                                                  : loaded 3 times (x 72B)
Class org.gradle.internal.classloader.FilteringClassLoader                            : loaded 2 times (x 103B)
Class com.google.common.base.CharMatcher$IsEither                                     : loaded 2 times (x 109B)
Class org.gradle.internal.classloader.ClassLoaderHierarchy                            : loaded 2 times (x 68B)
Class com.google.common.collect.ImmutableEnumSet                                      : loaded 2 times (x 144B)
Class com.google.common.util.concurrent.ExecutionError                                : loaded 2 times (x 80B)
Class com.google.common.collect.ImmutableList$1                                       : loaded 2 times (x 95B)
Class org.gradle.api.internal.classpath.ManifestUtil                                  : loaded 2 times (x 69B)
Class com.google.common.collect.RegularImmutableMap                                   : loaded 2 times (x 119B)
Class com.google.common.collect.ImmutableMap$MapViewOfValuesAsSingletonSets           : loaded 2 times (x 124B)
Class ijJvmDebugger1_9w445r5q55l8yq01b0c83qj5g$_run_closure1$_closure2                : loaded 2 times (x 138B)
Class [Lorg.objectweb.asm.Symbol;                                                     : loaded 2 times (x 67B)
Class org.objectweb.asm.ClassVisitor                                                  : loaded 2 times (x 86B)
Class com.google.common.collect.UnmodifiableListIterator                              : loaded 2 times (x 93B)
Class com.google.common.base.Platform$JdkPatternCompiler                              : loaded 2 times (x 73B)
Class org.objectweb.asm.MethodTooLargeException                                       : loaded 2 times (x 81B)
Class [Lcom.google.common.cache.CacheBuilder$OneWeigher;                              : loaded 2 times (x 67B)
Class com.google.common.base.Suppliers                                                : loaded 2 times (x 69B)
Class org.gradle.internal.classloader.DefaultClassLoaderFactory                       : loaded 2 times (x 80B)
Class org.gradle.internal.classloader.ClassLoaderVisitor                              : loaded 2 times (x 74B)
Class [Lcom.google.common.collect.ImmutableMapEntry;                                  : loaded 2 times (x 67B)
Class org.gradle.api.internal.classpath.EffectiveClassPath                            : loaded 2 times (x 88B)
Class com.google.common.collect.ListMultimap                                          : loaded 2 times (x 68B)
Class com.google.common.collect.ImmutableEnumMap                                      : loaded 2 times (x 124B)
Class com.google.common.collect.Sets$1                                                : loaded 2 times (x 137B)
Class org.objectweb.asm.AnnotationVisitor                                             : loaded 2 times (x 76B)
Class org.gradle.api.internal.DefaultClassPathProvider                                : loaded 2 times (x 74B)
Class com.google.common.collect.Sets$2                                                : loaded 2 times (x 137B)
Class [Lorg.gradle.api.internal.ClassPathProvider;                                    : loaded 2 times (x 67B)
Class org.gradle.api.internal.ClassPathProvider                                       : loaded 2 times (x 68B)
Class [Lorg.objectweb.asm.AnnotationVisitor;                                          : loaded 2 times (x 67B)
Class com.google.common.collect.Sets$3                                                : loaded 2 times (x 137B)
Class com.google.common.util.concurrent.AbstractFuture$SafeAtomicHelper               : loaded 2 times (x 77B)
Class com.google.common.cache.LocalCache$LocalLoadingCache                            : loaded 2 times (x 132B)
Class org.gradle.internal.service.UnknownServiceException                             : loaded 2 times (x 81B)
Class com.google.common.collect.Sets$4                                                : loaded 2 times (x 137B)
Class org.objectweb.asm.ModuleVisitor                                                 : loaded 2 times (x 79B)
Class com.google.common.cache.LocalCache$Strength$1                                   : loaded 2 times (x 79B)
Class com.google.common.util.concurrent.SettableFuture                                : loaded 2 times (x 112B)
Class com.google.common.cache.LocalCache$Strength$2                                   : loaded 2 times (x 79B)
Class com.google.common.cache.LocalCache$Strength$3                                   : loaded 2 times (x 79B)
Class com.google.common.collect.MapDifference                                         : loaded 2 times (x 68B)
Class org.objectweb.asm.FieldWriter                                                   : loaded 2 times (x 76B)
Class com.google.common.cache.CacheBuilder$NullListener                               : loaded 2 times (x 80B)
Class org.gradle.internal.classpath.TransformedClassPath                              : loaded 2 times (x 94B)
Class org.gradle.internal.classloader.InstrumentingClassLoader                        : loaded 2 times (x 68B)
Class com.google.common.cache.CacheLoader$FunctionToCacheLoader                       : loaded 2 times (x 73B)
Class com.google.common.collect.Iterators$ArrayItr                                    : loaded 2 times (x 95B)
Class com.google.common.collect.ImmutableCollection$Builder                           : loaded 2 times (x 74B)
Class com.google.common.base.Joiner                                                   : loaded 2 times (x 77B)
Class com.google.common.base.MoreObjects                                              : loaded 2 times (x 69B)
Class com.google.common.collect.Platform                                              : loaded 2 times (x 69B)
Class [Lorg.objectweb.asm.Type;                                                       : loaded 2 times (x 67B)
Class com.google.common.collect.UnmodifiableIterator                                  : loaded 2 times (x 78B)
Class org.gradle.internal.service.ServiceLocator                                      : loaded 2 times (x 68B)
Class com.google.common.base.Ascii                                                    : loaded 2 times (x 69B)
Class com.google.common.cache.LocalCache$1                                            : loaded 2 times (x 87B)
Class com.google.common.collect.SingletonImmutableBiMap                               : loaded 2 times (x 141B)
Class com.google.common.collect.AbstractMapEntry                                      : loaded 2 times (x 79B)
Class com.google.common.collect.Sets$ImprovedAbstractSet                              : loaded 2 times (x 133B)
Class com.google.common.collect.ImmutableList$Builder                                 : loaded 2 times (x 75B)
Class com.google.common.collect.AbstractMultimap                                      : loaded 2 times (x 121B)
Class com.google.common.cache.LocalCache$2                                            : loaded 2 times (x 140B)
Class com.google.common.util.concurrent.AbstractFuture$UnsafeAtomicHelper$1           : loaded 2 times (x 74B)
Class com.google.common.collect.RegularImmutableAsList                                : loaded 2 times (x 215B)
Class com.google.common.util.concurrent.AbstractFuture$Trusted                        : loaded 2 times (x 68B)
Class com.google.common.collect.Iterators                                             : loaded 2 times (x 69B)
Class com.google.common.collect.Lists$StringAsImmutableList                           : loaded 2 times (x 205B)
Class com.google.common.util.concurrent.UncheckedExecutionException                   : loaded 2 times (x 80B)
Class org.gradle.kotlin.dsl.VersionCatalogAccessorsKt                                 : loaded 2 times (x 69B)
Class ijKotlinCoroutineJvmDebugInit1_b02cyuutr0hensq9qug3td681$_run_closure1          : loaded 2 times (x 137B)
Class org.gradle.internal.InternalTransformer                                         : loaded 2 times (x 68B)
Class com.google.common.collect.AbstractMapBasedMultimap$KeySet$1                     : loaded 2 times (x 80B)
Class org.objectweb.asm.ClassWriter                                                   : loaded 2 times (x 104B)
Class com.google.common.cache.CacheLoader$UnsupportedLoadingOperationException        : loaded 2 times (x 80B)
Class com.google.common.base.CharMatcher$And                                          : loaded 2 times (x 110B)
Class org.gradle.internal.classloader.ClasspathUtil$1                                 : loaded 2 times (x 74B)
Class org.objectweb.asm.FieldVisitor                                                  : loaded 2 times (x 75B)
Class com.google.common.collect.IndexedImmutableSet                                   : loaded 2 times (x 150B)
Class com.google.common.collect.BiMap                                                 : loaded 2 times (x 68B)
Class com.google.common.collect.ImmutableMap$1                                        : loaded 2 times (x 79B)
Class org.gradle.api.internal.classpath.DefaultModuleRegistry$DefaultModule           : loaded 2 times (x 84B)
Class com.google.common.primitives.Ints                                               : loaded 2 times (x 69B)
Class com.google.common.collect.AbstractIterator                                      : loaded 2 times (x 80B)
Class com.google.common.collect.ObjectArrays                                          : loaded 2 times (x 69B)
Class com.google.common.collect.Multiset                                              : loaded 2 times (x 68B)
Class com.google.common.collect.RegularImmutableMap$KeySet                            : loaded 2 times (x 150B)
Class com.google.common.collect.AbstractIndexedListIterator                           : loaded 2 times (x 94B)
Class com.google.common.math.MathPreconditions                                        : loaded 2 times (x 69B)
Class com.google.common.collect.ImmutableMapEntrySet                                  : loaded 2 times (x 150B)
Class org.gradle.api.internal.classpath.Module                                        : loaded 2 times (x 68B)
Class com.google.common.cache.Weigher                                                 : loaded 2 times (x 68B)
Class org.gradle.api.internal.classpath.UnknownModuleException                        : loaded 2 times (x 80B)
Class com.google.common.base.Stopwatch                                                : loaded 2 times (x 70B)
Class com.google.common.cache.LocalCache$Strength                                     : loaded 2 times (x 79B)
Class com.google.common.cache.Cache                                                   : loaded 2 times (x 68B)
Class com.google.common.util.concurrent.AbstractFuture$Cancellation                   : loaded 2 times (x 70B)
Class com.google.common.collect.ImmutableMap$Builder                                  : loaded 2 times (x 80B)
Class com.google.common.cache.RemovalListener                                         : loaded 2 times (x 68B)
Class org.gradle.api.internal.DefaultClassPathRegistry                                : loaded 2 times (x 74B)
Class com.google.common.primitives.IntsMethodsForWeb                                  : loaded 2 times (x 69B)
Class com.google.common.collect.Multimap                                              : loaded 2 times (x 68B)
Class org.gradle.api.internal.ClassPathRegistry                                       : loaded 2 times (x 68B)
Class org.gradle.internal.classpath.DefaultClassPath$ImmutableUniqueList              : loaded 2 times (x 197B)
Class com.google.common.base.PairwiseEquivalence                                      : loaded 2 times (x 81B)
Class com.google.common.cache.CacheBuilder                                            : loaded 2 times (x 70B)
Class com.google.common.collect.SingletonImmutableList                                : loaded 2 times (x 205B)
Class Settings_gradle$1                                                               : loaded 2 times (x 72B)
Class org.gradle.internal.classpath.ClassPath                                         : loaded 2 times (x 68B)
Class org.gradle.api.UncheckedIOException                                             : loaded 2 times (x 80B)
Class com.google.common.base.JdkPattern                                               : loaded 2 times (x 73B)
Class com.google.common.collect.ImmutableList$ReverseImmutableList                    : loaded 2 times (x 207B)
Class org.objectweb.asm.SymbolTable$Entry                                             : loaded 2 times (x 72B)
Class com.google.common.util.concurrent.AbstractFuture$AtomicHelper                   : loaded 2 times (x 76B)
Class org.objectweb.asm.Edge                                                          : loaded 2 times (x 70B)
Class com.google.common.base.Suppliers$SupplierOfInstance                             : loaded 2 times (x 77B)
Class com.google.common.collect.Iterators$1                                           : loaded 2 times (x 79B)
Class com.google.common.cache.LocalCache$ComputingValueReference                      : loaded 2 times (x 94B)
Class com.google.common.collect.SingletonImmutableSet                                 : loaded 2 times (x 144B)
Class com.google.common.collect.ImmutableMap$IteratorBasedImmutableMap                : loaded 2 times (x 124B)
Class com.google.common.cache.LocalCache$Segment                                      : loaded 2 times (x 152B)
Class com.google.common.collect.AbstractListMultimap                                  : loaded 2 times (x 170B)
Class [Lorg.objectweb.asm.SymbolTable$Entry;                                          : loaded 2 times (x 67B)
Class com.google.common.cache.CacheLoader                                             : loaded 2 times (x 72B)
Class com.google.common.collect.Iterators$4                                           : loaded 2 times (x 80B)
Class com.google.common.collect.ImmutableBiMap                                        : loaded 2 times (x 141B)
Class org.gradle.internal.installation.GradleInstallation$1                           : loaded 2 times (x 73B)
Class org.gradle.api.internal.classpath.ModuleRegistry                                : loaded 2 times (x 68B)
Class com.google.common.util.concurrent.internal.InternalFutureFailureAccess          : loaded 2 times (x 70B)
Class com.google.common.collect.Iterators$5                                           : loaded 2 times (x 80B)
Class com.google.common.collect.ImmutableSet$JdkBackedSetBuilderImpl                  : loaded 2 times (x 74B)
Class com.google.common.util.concurrent.AbstractFuture$UnsafeAtomicHelper             : loaded 2 times (x 76B)
Class com.google.common.cache.LocalCache$LocalManualCache$1                           : loaded 2 times (x 73B)
Class com.google.common.base.CharMatcher$ForPredicate                                 : loaded 2 times (x 110B)
Class com.google.common.base.CharMatcher$AnyOf                                        : loaded 2 times (x 110B)
Class com.google.common.collect.ImmutableCollection                                   : loaded 2 times (x 123B)
Class ijJvmDebugger1_9w445r5q55l8yq01b0c83qj5g$_run_closure1                          : loaded 2 times (x 137B)
Class org.gradle.api.internal.classpath.DefaultModuleRegistry                         : loaded 2 times (x 84B)
Class com.google.common.collect.Lists                                                 : loaded 2 times (x 69B)
Class com.google.common.util.concurrent.ListenableFuture                              : loaded 2 times (x 68B)
Class com.google.common.cache.ReferenceEntry                                          : loaded 2 times (x 68B)
Class com.google.common.base.Converter                                                : loaded 2 times (x 88B)
Class com.google.common.collect.ImmutableSet$CachingAsList                            : loaded 2 times (x 146B)
Class com.google.common.collect.AbstractMapBasedMultimap                              : loaded 2 times (x 137B)
Class com.google.common.util.concurrent.AbstractFuture                                : loaded 2 times (x 104B)
Class com.google.common.base.FunctionalEquivalence                                    : loaded 2 times (x 81B)
Class com.google.common.collect.Iterators$9                                           : loaded 2 times (x 79B)
Class com.google.common.collect.ImmutableAsList                                       : loaded 2 times (x 207B)
Class org.objectweb.asm.RecordComponentVisitor                                        : loaded 2 times (x 75B)
Class com.google.common.cache.CacheLoader$SupplierToCacheLoader                       : loaded 2 times (x 73B)
Class com.google.common.collect.Maps$EntryTransformer                                 : loaded 2 times (x 68B)
Class org.gradle.internal.service.ServiceLookupException                              : loaded 2 times (x 80B)
Class [Lcom.google.common.cache.LocalCache$EntryFactory;                              : loaded 2 times (x 67B)
Class ijKotlinCoroutineJvmDebugInit1_b02cyuutr0hensq9qug3td681$_run_closure1$_closure2: loaded 2 times (x 137B)
Class org.gradle.internal.classloader.ClassLoaderFactory                              : loaded 2 times (x 68B)
Class com.google.common.base.CommonPattern                                            : loaded 2 times (x 72B)
Class com.google.common.cache.LocalCache$LocalManualCache                             : loaded 2 times (x 97B)
Class com.google.common.base.CharMatcher$IsNot                                        : loaded 2 times (x 109B)
Class org.gradle.internal.service.CachingServiceLocator                               : loaded 2 times (x 80B)
Class com.google.common.collect.AbstractMapBasedMultimap$KeySet                       : loaded 2 times (x 135B)
Class com.google.common.math.IntMath                                                  : loaded 2 times (x 69B)
Class com.google.common.collect.ImmutableMapEntry                                     : loaded 2 times (x 83B)
Class com.google.common.base.Equivalence                                              : loaded 2 times (x 80B)
Class com.google.common.base.Function                                                 : loaded 2 times (x 68B)
Class com.google.common.collect.ImmutableMapEntry$NonTerminalImmutableMapEntry        : loaded 2 times (x 83B)
Class com.google.common.cache.CacheBuilder$OneWeigher                                 : loaded 2 times (x 80B)
Class com.google.common.collect.RegularImmutableList                                  : loaded 2 times (x 211B)
Class org.gradle.internal.classloader.ClasspathUtil                                   : loaded 2 times (x 69B)
Class com.google.common.base.Charsets                                                 : loaded 2 times (x 69B)
Class com.google.common.util.concurrent.Uninterruptibles                              : loaded 2 times (x 69B)
Class com.google.common.collect.Maps                                                  : loaded 2 times (x 69B)
Class org.gradle.api.specs.Spec                                                       : loaded 2 times (x 68B)
Class [Lcom.google.common.collect.ImmutableEntry;                                     : loaded 2 times (x 67B)
Class com.google.common.cache.LocalCache$LoadingValueReference                        : loaded 2 times (x 94B)
Class com.google.common.collect.ArrayListMultimapGwtSerializationDependencies         : loaded 2 times (x 170B)
Class com.google.common.base.Platform                                                 : loaded 2 times (x 69B)
Class [Lorg.objectweb.asm.AnnotationWriter;                                           : loaded 2 times (x 67B)
Class com.google.common.collect.Maps$8                                                : loaded 2 times (x 80B)
Class com.google.common.collect.Sets$SetView                                          : loaded 2 times (x 136B)
Class com.google.common.cache.LocalCache$StrongValueReference                         : loaded 2 times (x 88B)
Class com.google.common.util.concurrent.AbstractFuture$SynchronizedHelper             : loaded 2 times (x 76B)
Class org.objectweb.asm.Type                                                          : loaded 2 times (x 70B)
Class ijJvmDebugger1_9w445r5q55l8yq01b0c83qj5g                                        : loaded 2 times (x 177B)
Class org.gradle.internal.classloader.VisitableURLClassLoader$InstrumentingVisitableURLClassLoader: loaded 2 times (x 121B)
Class org.objectweb.asm.ByteVector                                                    : loaded 2 times (x 77B)
Class [Lcom.google.common.cache.CacheBuilder$NullListener;                            : loaded 2 times (x 67B)
Class com.google.common.math.IntMath$1                                                : loaded 2 times (x 69B)
Class org.gradle.internal.classloader.VisitableURLClassLoader$Spec                    : loaded 2 times (x 72B)
Class org.gradle.internal.classpath.DefaultClassPath                                  : loaded 2 times (x 88B)
Class org.objectweb.asm.Symbol                                                        : loaded 2 times (x 71B)
Class com.google.common.base.CharMatcher$Ascii                                        : loaded 2 times (x 110B)
Class com.google.common.base.CharMatcher$BitSetMatcher                                : loaded 2 times (x 110B)
Class com.google.common.collect.RegularImmutableMap$Values                            : loaded 2 times (x 205B)
Class com.google.common.collect.ImmutableSet                                          : loaded 2 times (x 143B)
Class org.gradle.internal.classloader.ClassLoaderSpec                                 : loaded 2 times (x 69B)
Class org.objectweb.asm.AnnotationWriter                                              : loaded 2 times (x 77B)
Class com.google.common.cache.CacheStats                                              : loaded 2 times (x 69B)
Class org.objectweb.asm.RecordComponentWriter                                         : loaded 2 times (x 76B)
Class com.google.common.util.concurrent.AbstractFuture$Listener                       : loaded 2 times (x 70B)
Class com.google.common.base.CharMatcher$Or                                           : loaded 2 times (x 110B)
Class Settings_gradle$1$1                                                             : loaded 2 times (x 72B)
Class org.objectweb.asm.Attribute                                                     : loaded 2 times (x 75B)
Class com.google.common.base.Supplier                                                 : loaded 2 times (x 68B)
Class org.gradle.internal.classloader.VisitableURLClassLoader                         : loaded 2 times (x 115B)
Class com.google.common.util.concurrent.AbstractFuture$Waiter                         : loaded 2 times (x 70B)
Class Settings_gradle                                                                 : loaded 2 times (x 126B)
Class org.gradle.internal.Cast                                                        : loaded 2 times (x 69B)
Class org.gradle.api.Action                                                           : loaded 2 times (x 68B)
Class com.google.common.base.Strings                                                  : loaded 2 times (x 69B)
Class com.google.common.collect.Sets                                                  : loaded 2 times (x 69B)
Class org.objectweb.asm.Handler                                                       : loaded 2 times (x 70B)
Class com.google.common.base.Ticker                                                   : loaded 2 times (x 70B)
Class com.google.common.base.CharMatcher$FastMatcher                                  : loaded 2 times (x 109B)
Class [Lcom.google.common.cache.LocalCache$Segment;                                   : loaded 2 times (x 67B)
Class [Lcom.google.common.cache.LocalCache$Strength;                                  : loaded 2 times (x 67B)
Class com.google.common.cache.CacheBuilder$1                                          : loaded 2 times (x 83B)
Class com.google.common.base.Predicate                                                : loaded 2 times (x 68B)
Class com.google.common.collect.ImmutableMap                                          : loaded 2 times (x 118B)
Class org.gradle.internal.classpath.DefaultClassPath$ImmutableUniqueList$Builder      : loaded 2 times (x 73B)
Class com.google.common.cache.LocalCache                                              : loaded 2 times (x 185B)
Class com.google.common.cache.CacheBuilder$2                                          : loaded 2 times (x 77B)
Class com.google.common.base.CharMatcher$NegatedFastMatcher                           : loaded 2 times (x 111B)
Class com.google.common.collect.ArrayListMultimap                                     : loaded 2 times (x 170B)
Class com.google.common.cache.CacheBuilder$3                                          : loaded 2 times (x 70B)
Class [Lcom.google.common.collect.AbstractMapEntry;                                   : loaded 2 times (x 67B)
Class com.google.common.collect.ImmutableEntry                                        : loaded 2 times (x 80B)
Class org.gradle.api.GradleException                                                  : loaded 2 times (x 80B)
Class com.google.common.collect.CollectPreconditions                                  : loaded 2 times (x 69B)
Class com.google.common.collect.SortedMapDifference                                   : loaded 2 times (x 68B)
Class com.google.common.cache.LocalCache$EntryFactory                                 : loaded 2 times (x 81B)
Class com.google.common.cache.LocalCache$AbstractReferenceEntry                       : loaded 2 times (x 105B)
Class org.gradle.internal.IoActions                                                   : loaded 2 times (x 69B)
Class org.objectweb.asm.SymbolTable                                                   : loaded 2 times (x 70B)
Class com.google.common.cache.CacheLoader$InvalidCacheLoadException                   : loaded 2 times (x 80B)
Class com.google.common.collect.ImmutableSet$RegularSetBuilderImpl                    : loaded 2 times (x 75B)
Class org.gradle.internal.classloader.SystemClassLoaderSpec                           : loaded 2 times (x 69B)
Class com.google.common.cache.LocalCache$StrongEntry                                  : loaded 2 times (x 106B)
Class com.google.common.util.concurrent.AbstractFuture$TrustedFuture                  : loaded 2 times (x 112B)
Class com.google.common.cache.LoadingCache                                            : loaded 2 times (x 68B)
Class org.objectweb.asm.MethodWriter                                                  : loaded 2 times (x 104B)
Class [Lcom.google.common.cache.Weigher;                                              : loaded 2 times (x 67B)
Class com.google.common.collect.RegularImmutableMap$BucketOverflowException           : loaded 2 times (x 80B)
Class com.google.common.cache.LocalCache$ValueReference                               : loaded 2 times (x 68B)
Class com.google.common.base.CharMatcher$Is                                           : loaded 2 times (x 109B)
Class com.google.common.base.CharMatcher$Negated                                      : loaded 2 times (x 111B)
Class com.google.common.collect.RegularImmutableBiMap                                 : loaded 2 times (x 147B)
Class com.google.common.base.PatternCompiler                                          : loaded 2 times (x 68B)
Class com.google.common.util.concurrent.AbstractFuture$Failure                        : loaded 2 times (x 70B)
Class com.google.common.base.Equivalence$Equals                                       : loaded 2 times (x 80B)
Class com.google.common.collect.Hashing                                               : loaded 2 times (x 69B)
Class com.google.common.base.Preconditions                                            : loaded 2 times (x 69B)
Class com.google.common.base.Joiner$1                                                 : loaded 2 times (x 78B)
Class org.objectweb.asm.Label                                                         : loaded 2 times (x 71B)
Class org.objectweb.asm.CurrentFrame                                                  : loaded 2 times (x 71B)
Class org.objectweb.asm.ClassTooLargeException                                        : loaded 2 times (x 81B)
Class com.google.common.base.CharMatcher                                              : loaded 2 times (x 109B)
Class com.google.common.collect.PeekingIterator                                       : loaded 2 times (x 68B)
Class com.google.common.base.Joiner$2                                                 : loaded 2 times (x 77B)
Class org.objectweb.asm.Frame                                                         : loaded 2 times (x 71B)
Class org.objectweb.asm.MethodVisitor                                                 : loaded 2 times (x 103B)
Class com.google.common.cache.LocalCache$EntryFactory$1                               : loaded 2 times (x 81B)
Class [Lcom.google.common.cache.RemovalListener;                                      : loaded 2 times (x 67B)
Class com.google.common.base.CharMatcher$NamedFastMatcher                             : loaded 2 times (x 110B)
Class com.google.common.base.CharMatcher$1                                            : loaded 2 times (x 111B)
Class com.google.common.cache.LocalCache$EntryFactory$2                               : loaded 2 times (x 81B)
Class org.gradle.api.internal.classpath.GlobalCacheRootsProvider                      : loaded 2 times (x 68B)
Class org.objectweb.asm.ModuleWriter                                                  : loaded 2 times (x 80B)
Class com.google.common.cache.LocalCache$EntryFactory$3                               : loaded 2 times (x 81B)
Class com.google.common.base.Ticker$1                                                 : loaded 2 times (x 70B)
Class com.google.common.collect.Maps$BiMapConverter                                   : loaded 2 times (x 88B)
Class com.google.common.collect.ImmutableMapEntrySet$RegularEntrySet                  : loaded 2 times (x 150B)
Class com.google.common.cache.LocalCache$EntryFactory$4                               : loaded 2 times (x 81B)
Class com.google.common.base.CharMatcher$InRange                                      : loaded 2 times (x 109B)
Class com.google.common.collect.ImmutableSet$Builder                                  : loaded 2 times (x 83B)
Class com.google.common.cache.LocalCache$EntryFactory$5                               : loaded 2 times (x 81B)
Class ijKotlinCoroutineJvmDebugInit1_b02cyuutr0hensq9qug3td681                        : loaded 2 times (x 177B)
Class com.google.common.base.Equivalence$Identity                                     : loaded 2 times (x 80B)
Class com.google.common.cache.LocalCache$EntryFactory$6                               : loaded 2 times (x 81B)
Class org.gradle.internal.installation.CurrentGradleInstallationLocator               : loaded 2 times (x 69B)
Class com.google.common.collect.Maps$KeySet                                           : loaded 2 times (x 135B)
Class com.google.common.cache.LocalCache$EntryFactory$7                               : loaded 2 times (x 81B)
Class com.google.common.collect.ImmutableSet$EmptySetBuilderImpl                      : loaded 2 times (x 74B)
Class com.google.common.collect.ImmutableList                                         : loaded 2 times (x 204B)
Class org.gradle.internal.service.DefaultServiceLocator                               : loaded 2 times (x 81B)
Class com.google.common.cache.LocalCache$EntryFactory$8                               : loaded 2 times (x 81B)
Class com.google.common.collect.ImmutableSet$SetBuilderImpl                           : loaded 2 times (x 74B)
Class org.gradle.internal.installation.CurrentGradleInstallation                      : loaded 2 times (x 71B)
Class com.google.common.cache.CacheLoader$1                                           : loaded 2 times (x 73B)
Class com.google.common.collect.ForwardingObject                                      : loaded 2 times (x 70B)
Class com.google.common.collect.ImmutableList$SubList                                 : loaded 2 times (x 207B)
Class org.gradle.util.internal.GUtil                                                  : loaded 2 times (x 69B)
Class com.google.common.util.concurrent.AbstractFuture$SetFuture                      : loaded 2 times (x 73B)
Class com.google.common.cache.AbstractCache$StatsCounter                              : loaded 2 times (x 68B)
Class com.google.common.collect.Iterators$MergingIterator                             : loaded 2 times (x 79B)
Class com.google.common.collect.RegularImmutableSet                                   : loaded 2 times (x 147B)
Class org.gradle.internal.installation.GradleInstallation                             : loaded 2 times (x 73B)
Class com.google.common.collect.Iterables                                             : loaded 2 times (x 69B)

---------------  S Y S T E M  ---------------

OS:
 Windows 11 , 64 bit Build 26100 (10.0.26100.7623)
OS uptime: 0 days 4:47 hours
Hyper-V role detected

CPU: total 12 (initial active 12) (12 cores per cpu, 2 threads per core) family 23 model 96 stepping 1 microcode 0x8600106, cx8, cmov, fxsr, ht, mmx, 3dnowpref, sse, sse2, sse3, ssse3, sse4a, sse4.1, sse4.2, popcnt, lzcnt, tsc, tscinvbit, avx, avx2, aes, clmul, bmi1, bmi2, adx, sha, fma, vzeroupper, clflush, clflushopt, hv, rdtscp, rdpid, f16c
Processor Information for the first 12 processors :
  Max Mhz: 3701, Current Mhz: 3701, Mhz Limit: 3701

Memory: 4k page, system-wide physical 14229M (3390M free)
TotalPageFile size 57237M (AvailPageFile size 4M)
current process WorkingSet (physical memory assigned to process): 466M, peak: 466M
current process commit charge ("private bytes"): 504M, peak: 504M

vm_info: OpenJDK 64-Bit Server VM (21.0.7+-13880790-b1038.58) for windows-amd64 JRE (21.0.7+-13880790-b1038.58), built on 2025-08-04T20:56:21Z by "builder" with MS VC++ 16.10 / 16.11 (VS2019)

END.
